00000000  7f 45 4c 46 02 01 01 00 00 00 00 00 00 00 00 00
00000010  03 00 3e 00 01 00 00 00 a0 43 00 00 00 00 00 00
00000020  40 00 00 00 00 00 00 00 f8 72 00 00 00 00 00 00
00000030  00 00 00 00 40 00 38 00 0e 00 40 00 1d 00 1c 00
00000040  06 00 00 00 04 00 00 00 40 00 00 00 00 00 00 00
00000050  40 00 00 00 00 00 00 00 40 00 00 00 00 00 00 00
00000060  10 03 00 00 00 00 00 00 10 03 00 00 00 00 00 00
00000070  08 00 00 00 00 00 00 00 03 00 00 00 04 00 00 00
00000080  94 03 00 00 00 00 00 00 94 03 00 00 00 00 00 00
00000090  94 03 00 00 00 00 00 00 1c 00 00 00 00 00 00 00
000000a0  1c 00 00 00 00 00 00 00 01 00 00 00 00 00 00 00
000000b0  01 00 00 00 04 00 00 00 00 00 00 00 00 00 00 00
000000c0  00 00 00 00 00 00 00 00 00 00 00 00 00 00 00 00
000000d0  a8 14 00 00 00 00 00 00 a8 14 00 00 00 00 00 00
000000e0  00 10 00 00 00 00 00 00 01 00 00 00 05 00 00 00
000000f0  00 20 00 00 00 00 00 00 00 20 00 00 00 00 00 00
00000100  00 20 00 00 00 00 00 00 2d 2f 00 00 00 00 00 00
00000110  2d 2f 00 00 00 00 00 00 00 10 00 00 00 00 00 00
00000120  01 00 00 00 04 00 00 00 00 50 00 00 00 00 00 00
00000130  00 50 00 00 00 00 00 00 00 50 00 00 00 00 00 00
00000140  ac 15 00 00 00 00 00 00 ac 15 00 00 00 00 00 00
00000150  00 10 00 00 00 00 00 00 01 00 00 00 06 00 00 00
00000160  a0 6d 00 00 00 00 00 00 a0 7d 00 00 00 00 00 00
00000170  a0 7d 00 00 00 00 00 00 28 04 00 00 00 00 00 00
00000180  d0 04 00 00 00 00 00 00 00 10 00 00 00 00 00 00
00000190  02 00 00 00 06 00 00 00 b0 6d 00 00 00 00 00 00
000001a0  b0 7d 00 00 00 00 00 00 b0 7d 00 00 00 00 00 00
000001b0  10 02 00 00 00 00 00 00 10 02 00 00 00 00 00 00
000001c0  08 00 00 00 00 00 00 00 04 00 00 00 04 00 00 00
000001d0  50 03 00 00 00 00 00 00 50 03 00 00 00 00 00 00
000001e0  50 03 00 00 00 00 00 00 20 00 00 00 00 00 00 00
000001f0  20 00 00 00 00 00 00 00 08 00 00 00 00 00 00 00
00000200  04 00 00 00 04 00 00 00 70 03 00 00 00 00 00 00
00000210  70 03 00 00 00 00 00 00 70 03 00 00 00 00 00 00
00000220  24 00 00 00 00 00 00 00 24 00 00 00 00 00 00 00
00000230  04 00 00 00 00 00 00 00 04 00 00 00 04 00 00 00
00000240  8c 65 00 00 00 00 00 00 8c 65 00 00 00 00 00 00
00000250  8c 65 00 00 00 00 00 00 20 00 00 00 00 00 00 00
00000260  20 00 00 00 00 00 00 00 04 00 00 00 00 00 00 00
00000270  53 e5 74 64 04 00 00 00 50 03 00 00 00 00 00 00
00000280  50 03 00 00 00 00 00 00 50 03 00 00 00 00 00 00
00000290  20 00 00 00 00 00 00 00 20 00 00 00 00 00 00 00
000002a0  08 00 00 00 00 00 00 00 50 e5 74 64 04 00 00 00
000002b0  90 62 00 00 00 00 00 00 90 62 00 00 00 00 00 00
000002c0  90 62 00 00 00 00 00 00 5c 00 00 00 00 00 00 00
000002d0  5c 00 00 00 00 00 00 00 04 00 00 00 00 00 00 00
000002e0  51 e5 74 64 06 00 00 00 00 00 00 00 00 00 00 00
000002f0  00 00 00 00 00 00 00 00 00 00 00 00 00 00 00 00
00000300  00 00 00 00 00 00 00 00 00 00 00 00 00 00 00 00
00000310  10 00 00 00 00 00 00 00 52 e5 74 64 04 00 00 00
00000320  a0 6d 00 00 00 00 00 00 a0 7d 00 00 00 00 00 00
00000330  a0 7d 00 00 00 00 00 00 60 02 00 00 00 00 00 00
00000340  60 02 00 00 00 00 00 00 01 00 00 00 00 00 00 00
00000350  04 00 00 00 10 00 00 00 05 00 00 00 47 4e 55 00
00000360  02 80 00 c0 04 00 00 00 01 00 00 00 00 00 00 00
00000370  04 00 00 00 14 00 00 00 03 00 00 00 47 4e 55 00
00000380  62 8d a8 f5 91 b6 57 32 5c ae 1c f1 a6 be d2 26
00000390  4c c4 69 63 2f 6c 69 62 36 34 2f 6c 64 2d 6c 69
000003a0  6e 75 78 2d 78 38 36 2d 36 34 2e 73 6f 2e 32 00
000003b0  03 00 00 00 3d 00 00 00 01 00 00 00 06 00 00 00
000003c0  88 41 a1 01 00 00 00 0a 3d 00 00 00 40 00 00 00
000003d0  00 00 00 00 d0 65 ce 6d ba e3 92 7c 43 45 d5 ec
000003e0  d8 71 58 1c 39 f2 8b 1c 00 00 00 00 00 00 00 00
000003f0  00 00 00 00 00 00 00 00 00 00 00 00 00 00 00 00
00000400  46 00 00 00 12 00 00 00 00 00 00 00 00 00 00 00
00000410  00 00 00 00 00 00 00 00 4f 01 00 00 12 00 00 00
00000420  00 00 00 00 00 00 00 00 00 00 00 00 00 00 00 00
00000430  f2 01 00 00 12 00 00 00 00 00 00 00 00 00 00 00
00000440  00 00 00 00 00 00 00 00 02 02 00 00 12 00 00 00
00000450  00 00 00 00 00 00 00 00 00 00 00 00 00 00 00 00
00000460  04 01 00 00 12 00 00 00 00 00 00 00 00 00 00 00
00000470  00 00 00 00 00 00 00 00 95 02 00 00 12 00 00 00
00000480  00 00 00 00 00 00 00 00 00 00 00 00 00 00 00 00
00000490  a2 02 00 00 12 00 00 00 00 00 00 00 00 00 00 00
000004a0  00 00 00 00 00 00 00 00 43 01 00 00 12 00 00 00
000004b0  00 00 00 00 00 00 00 00 00 00 00 00 00 00 00 00
000004c0  de 00 00 00 12 00 00 00 00 00 00 00 00 00 00 00
000004d0  00 00 00 00 00 00 00 00 ad 02 00 00 12 00 00 00
000004e0  00 00 00 00 00 00 00 00 00 00 00 00 00 00 00 00
000004f0  67 01 00 00 12 00 00 00 00 00 00 00 00 00 00 00
00000500  00 00 00 00 00 00 00 00 1d 00 00 00 20 00 00 00
00000510  00 00 00 00 00 00 00 00 00 00 00 00 00 00 00 00
00000520  f8 01 00 00 12 00 00 00 00 00 00 00 00 00 00 00
00000530  00 00 00 00 00 00 00 00 3b 02 00 00 12 00 00 00
00000540  00 00 00 00 00 00 00 00 00 00 00 00 00 00 00 00
00000550  bb 02 00 00 12 00 00 00 00 00 00 00 00 00 00 00
00000560  00 00 00 00 00 00 00 00 2e 01 00 00 12 00 00 00
00000570  00 00 00 00 00 00 00 00 00 00 00 00 00 00 00 00
00000580  4b 02 00 00 12 00 00 00 00 00 00 00 00 00 00 00
00000590  00 00 00 00 00 00 00 00 87 00 00 00 12 00 00 00
000005a0  00 00 00 00 00 00 00 00 00 00 00 00 00 00 00 00
000005b0  bf 00 00 00 12 00 00 00 00 00 00 00 00 00 00 00
000005c0  00 00 00 00 00 00 00 00 5c 02 00 00 12 00 00 00
000005d0  00 00 00 00 00 00 00 00 00 00 00 00 00 00 00 00
000005e0  a0 01 00 00 12 00 00 00 00 00 00 00 00 00 00 00
000005f0  00 00 00 00 00 00 00 00 6b 02 00 00 12 00 00 00
00000600  00 00 00 00 00 00 00 00 00 00 00 00 00 00 00 00
00000610  e9 00 00 00 12 00 00 00 00 00 00 00 00 00 00 00
00000620  00 00 00 00 00 00 00 00 01 00 00 00 20 00 00 00
00000630  00 00 00 00 00 00 00 00 00 00 00 00 00 00 00 00
00000640  74 02 00 00 12 00 00 00 00 00 00 00 00 00 00 00
00000650  00 00 00 00 00 00 00 00 2c 00 00 00 20 00 00 00
00000660  00 00 00 00 00 00 00 00 00 00 00 00 00 00 00 00
00000670  91 01 00 00 12 00 00 00 00 00 00 00 00 00 00 00
00000680  00 00 00 00 00 00 00 00 81 02 00 00 12 00 00 00
00000690  00 00 00 00 00 00 00 00 00 00 00 00 00 00 00 00
000006a0  1b 02 00 00 12 00 00 00 00 00 00 00 00 00 00 00
000006b0  00 00 00 00 00 00 00 00 8e 02 00 00 12 00 00 00
000006c0  00 00 00 00 00 00 00 00 00 00 00 00 00 00 00 00
000006d0  95 00 00 00 12 00 00 00 00 00 00 00 00 00 00 00
000006e0  00 00 00 00 00 00 00 00 6a 00 00 00 12 00 00 00
000006f0  00 00 00 00 00 00 00 00 00 00 00 00 00 00 00 00
00000700  11 02 00 00 12 00 00 00 00 00 00 00 00 00 00 00
00000710  00 00 00 00 00 00 00 00 c6 01 00 00 12 00 00 00
00000720  00 00 00 00 00 00 00 00 00 00 00 00 00 00 00 00
00000730  ad 01 00 00 12 00 00 00 00 00 00 00 00 00 00 00
00000740  00 00 00 00 00 00 00 00 a7 02 00 00 12 00 00 00
00000750  00 00 00 00 00 00 00 00 00 00 00 00 00 00 00 00
00000760  7c 00 00 00 12 00 00 00 00 00 00 00 00 00 00 00
00000770  00 00 00 00 00 00 00 00 0d 01 00 00 12 00 00 00
00000780  00 00 00 00 00 00 00 00 00 00 00 00 00 00 00 00
00000790  54 00 00 00 12 00 00 00 00 00 00 00 00 00 00 00
000007a0  00 00 00 00 00 00 00 00 d2 01 00 00 12 00 00 00
000007b0  00 00 00 00 00 00 00 00 00 00 00 00 00 00 00 00
000007c0  74 01 00 00 12 00 00 00 00 00 00 00 00 00 00 00
000007d0  00 00 00 00 00 00 00 00 19 01 00 00 12 00 00 00
000007e0  00 00 00 00 00 00 00 00 00 00 00 00 00 00 00 00
000007f0  cf 00 00 00 12 00 00 00 00 00 00 00 00 00 00 00
00000800  00 00 00 00 00 00 00 00 75 00 00 00 12 00 00 00
00000810  00 00 00 00 00 00 00 00 00 00 00 00 00 00 00 00
00000820  27 02 00 00 12 00 00 00 00 00 00 00 00 00 00 00
00000830  00 00 00 00 00 00 00 00 a9 00 00 00 12 00 00 00
00000840  00 00 00 00 00 00 00 00 00 00 00 00 00 00 00 00
00000850  ba 01 00 00 12 00 00 00 00 00 00 00 00 00 00 00
00000860  00 00 00 00 00 00 00 00 5a 01 00 00 12 00 00 00
00000870  00 00 00 00 00 00 00 00 00 00 00 00 00 00 00 00
00000880  43 02 00 00 12 00 00 00 00 00 00 00 00 00 00 00
00000890  00 00 00 00 00 00 00 00 31 02 00 00 12 00 00 00
000008a0  00 00 00 00 00 00 00 00 00 00 00 00 00 00 00 00
000008b0  23 01 00 00 12 00 00 00 00 00 00 00 00 00 00 00
000008c0  00 00 00 00 00 00 00 00 f6 00 00 00 12 00 00 00
000008d0  00 00 00 00 00 00 00 00 00 00 00 00 00 00 00 00
000008e0  84 01 00 00 12 00 00 00 00 00 00 00 00 00 00 00
000008f0  00 00 00 00 00 00 00 00 db 01 00 00 12 00 00 00
00000900  00 00 00 00 00 00 00 00 00 00 00 00 00 00 00 00
00000910  e7 01 00 00 12 00 00 00 00 00 00 00 00 00 00 00
00000920  00 00 00 00 00 00 00 00 f0 02 00 00 12 00 00 00
00000930  00 00 00 00 00 00 00 00 00 00 00 00 00 00 00 00
00000940  9d 02 00 00 12 00 00 00 00 00 00 00 00 00 00 00
00000950  00 00 00 00 00 00 00 00 d9 02 00 00 12 00 00 00
00000960  00 00 00 00 00 00 00 00 00 00 00 00 00 00 00 00
00000970  c0 02 00 00 12 00 00 00 00 00 00 00 00 00 00 00
00000980  00 00 00 00 00 00 00 00 b6 00 00 00 12 00 00 00
00000990  00 00 00 00 00 00 00 00 00 00 00 00 00 00 00 00
000009a0  e1 02 00 00 22 00 00 00 00 00 00 00 00 00 00 00
000009b0  00 00 00 00 00 00 00 00 35 03 00 00 10 00 1a 00
000009c0  70 82 00 00 00 00 00 00 00 00 00 00 00 00 00 00
000009d0  22 03 00 00 10 00 19 00 c8 81 00 00 00 00 00 00
000009e0  00 00 00 00 00 00 00 00 29 03 00 00 10 00 1a 00
000009f0  e0 81 00 00 00 00 00 00 00 00 00 00 00 00 00 00
00000a00  d2 02 00 00 11 00 1a 00 e0 81 00 00 00 00 00 00
00000a10  08 00 00 00 00 00 00 00 00 5f 49 54 4d 5f 64 65
00000a20  72 65 67 69 73 74 65 72 54 4d 43 6c 6f 6e 65 54
00000a30  61 62 6c 65 00 5f 5f 67 6d 6f 6e 5f 73 74 61 72
00000a40  74 5f 5f 00 5f 49 54 4d 5f 72 65 67 69 73 74 65
00000a50  72 54 4d 43 6c 6f 6e 65 54 61 62 6c 65 00 58 4c
00000a60  6f 6f 6b 75 70 4b 65 79 73 79 6d 00 58 43 72 65
00000a70  61 74 65 42 69 74 6d 61 70 46 72 6f 6d 44 61 74
00000a80  61 00 58 4e 65 78 74 45 76 65 6e 74 00 58 46 6c
00000a90  75 73 68 00 58 4d 61 70 57 69 6e 64 6f 77 00 58
00000aa0  43 72 65 61 74 65 57 69 6e 64 6f 77 00 58 43 72
00000ab0  65 61 74 65 50 69 78 6d 61 70 43 75 72 73 6f 72
00000ac0  00 58 57 61 72 70 50 6f 69 6e 74 65 72 00 58 50
00000ad0  65 6e 64 69 6e 67 00 58 43 72 65 61 74 65 43 6f
00000ae0  6c 6f 72 6d 61 70 00 58 53 65 74 49 6e 70 75 74
00000af0  46 6f 63 75 73 00 58 53 74 6f 72 65 4e 61 6d 65
00000b00  00 58 4f 70 65 6e 44 69 73 70 6c 61 79 00 58 44
00000b10  65 66 69 6e 65 43 75 72 73 6f 72 00 67 6c 45 6e
00000b20  61 62 6c 65 00 67 6c 50 6f 69 6e 74 53 69 7a 65
00000b30  00 67 6c 43 6f 6c 6f 72 34 66 00 67 6c 56 65 72
00000b40  74 65 78 33 66 00 67 6c 58 47 65 74 50 72 6f 63
00000b50  41 64 64 72 65 73 73 41 52 42 00 67 6c 4c 69 6e
00000b60  65 57 69 64 74 68 00 67 6c 4e 6f 72 6d 61 6c 33
00000b70  66 00 67 6c 43 6c 65 61 72 44 65 70 74 68 00 67
00000b80  6c 4d 61 74 72 69 78 4d 6f 64 65 00 67 6c 58 43
00000b90  68 6f 6f 73 65 56 69 73 75 61 6c 00 67 6c 50 75
00000ba0  73 68 4d 61 74 72 69 78 00 67 6c 58 53 77 61 70
00000bb0  42 75 66 66 65 72 73 00 67 6c 43 6c 65 61 72 43
00000bc0  6f 6c 6f 72 00 67 6c 54 72 61 6e 73 6c 61 74 65
00000bd0  66 00 67 6c 44 65 70 74 68 46 75 6e 63 00 67 6c
00000be0  44 65 70 74 68 4d 61 73 6b 00 67 6c 53 63 61 6c
00000bf0  65 66 00 67 6c 50 6f 70 4d 61 74 72 69 78 00 67
00000c00  6c 56 69 65 77 70 6f 72 74 00 67 6c 45 6e 64 00
00000c10  67 6c 44 69 73 61 62 6c 65 00 67 6c 58 4d 61 6b
00000c20  65 43 75 72 72 65 6e 74 00 67 6c 46 72 75 73 74
00000c30  75 6d 00 67 6c 42 6c 65 6e 64 46 75 6e 63 00 67
00000c40  6c 52 6f 74 61 74 65 66 00 67 6c 4c 69 67 68 74
00000c50  66 76 00 67 6c 43 6c 65 61 72 00 67 6c 42 65 67
00000c60  69 6e 00 67 6c 58 43 72 65 61 74 65 43 6f 6e 74
00000c70  65 78 74 00 67 6c 4c 6f 61 64 49 64 65 6e 74 69
00000c80  74 79 00 67 6c 4c 69 67 68 74 66 00 67 6c 53 68
00000c90  61 64 65 4d 6f 64 65 6c 00 67 6c 54 65 78 43 6f
00000ca0  6f 72 64 32 66 00 66 6c 6f 6f 72 66 00 73 69 6e
00000cb0  63 6f 73 66 00 73 69 6e 66 00 70 6f 77 66 00 66
00000cc0  6d 6f 64 66 00 63 6c 6f 63 6b 5f 67 65 74 74 69
00000cd0  6d 65 00 65 78 69 74 00 5f 5f 6c 69 62 63 5f 73
00000ce0  74 61 72 74 5f 6d 61 69 6e 00 73 74 64 65 72 72
00000cf0  00 66 70 72 69 6e 74 66 00 5f 5f 63 78 61 5f 66
00000d00  69 6e 61 6c 69 7a 65 00 66 77 72 69 74 65 00 6c
00000d10  69 62 58 31 31 2e 73 6f 2e 36 00 6c 69 62 47 4c
00000d20  2e 73 6f 2e 31 00 6c 69 62 6d 2e 73 6f 2e 36 00
00000d30  6c 69 62 63 2e 73 6f 2e 36 00 5f 65 64 61 74 61
00000d40  00 5f 5f 62 73 73 5f 73 74 61 72 74 00 5f 65 6e
00000d50  64 00 47 4c 49 42 43 5f 32 2e 33 34 00 47 4c 49
00000d60  42 43 5f 32 2e 32 2e 35 00 47 4c 49 42 43 5f 32
00000d70  2e 31 37 00 47 4c 49 42 43 5f 32 2e 33 38 00 47
00000d80  4c 49 42 43 5f 32 2e 32 37 00 00 00 01 00 01 00
00000d90  01 00 01 00 01 00 02 00 03 00 01 00 01 00 04 00
00000da0  01 00 01 00 01 00 01 00 05 00 01 00 01 00 01 00
00000db0  01 00 01 00 01 00 01 00 01 00 01 00 01 00 01 00
00000dc0  01 00 01 00 01 00 02 00 01 00 01 00 01 00 01 00
00000dd0  01 00 06 00 01 00 01 00 01 00 01 00 01 00 01 00
00000de0  01 00 01 00 01 00 01 00 01 00 01 00 01 00 01 00
00000df0  01 00 01 00 01 00 01 00 01 00 05 00 02 00 05 00
00000e00  07 00 01 00 05 00 01 00 01 00 01 00 05 00 00 00
00000e10  01 00 03 00 18 03 00 00 10 00 00 00 40 00 00 00
00000e20  b4 91 96 06 00 00 07 00 3a 03 00 00 10 00 00 00
00000e30  75 1a 69 09 00 00 05 00 45 03 00 00 10 00 00 00
00000e40  97 91 96 06 00 00 04 00 51 03 00 00 00 00 00 00
00000e50  01 00 03 00 0e 03 00 00 10 00 00 00 00 00 00 00
00000e60  b8 91 96 06 00 00 06 00 5c 03 00 00 10 00 00 00
00000e70  87 91 96 06 00 00 03 00 67 03 00 00 10 00 00 00
00000e80  75 1a 69 09 00 00 02 00 45 03 00 00 00 00 00 00
00000e90  a0 7d 00 00 00 00 00 00 08 00 00 00 00 00 00 00
00000ea0  80 44 00 00 00 00 00 00 a8 7d 00 00 00 00 00 00
00000eb0  08 00 00 00 00 00 00 00 40 44 00 00 00 00 00 00
00000ec0  c0 81 00 00 00 00 00 00 08 00 00 00 00 00 00 00
00000ed0  c0 81 00 00 00 00 00 00 c0 7f 00 00 00 00 00 00
00000ee0  06 00 00 00 0c 00 00 00 00 00 00 00 00 00 00 00
00000ef0  c8 7f 00 00 00 00 00 00 06 00 00 00 18 00 00 00
00000f00  00 00 00 00 00 00 00 00 d0 7f 00 00 00 00 00 00
00000f10  06 00 00 00 1a 00 00 00 00 00 00 00 00 00 00 00
00000f20  d8 7f 00 00 00 00 00 00 06 00 00 00 3d 00 00 00
00000f30  00 00 00 00 00 00 00 00 e0 7f 00 00 00 00 00 00
00000f40  06 00 00 00 3b 00 00 00 00 00 00 00 00 00 00 00
00000f50  e0 81 00 00 00 00 00 00 05 00 00 00 41 00 00 00
00000f60  00 00 00 00 00 00 00 00 00 80 00 00 00 00 00 00
00000f70  07 00 00 00 01 00 00 00 00 00 00 00 00 00 00 00
00000f80  08 80 00 00 00 00 00 00 07 00 00 00 02 00 00 00
00000f90  00 00 00 00 00 00 00 00 10 80 00 00 00 00 00 00
00000fa0  07 00 00 00 03 00 00 00 00 00 00 00 00 00 00 00
00000fb0  18 80 00 00 00 00 00 00 07 00 00 00 04 00 00 00
00000fc0  00 00 00 00 00 00 00 00 20 80 00 00 00 00 00 00
00000fd0  07 00 00 00 05 00 00 00 00 00 00 00 00 00 00 00
00000fe0  28 80 00 00 00 00 00 00 07 00 00 00 06 00 00 00
00000ff0  00 00 00 00 00 00 00 00 30 80 00 00 00 00 00 00
00001000  07 00 00 00 07 00 00 00 00 00 00 00 00 00 00 00
00001010  38 80 00 00 00 00 00 00 07 00 00 00 08 00 00 00
00001020  00 00 00 00 00 00 00 00 40 80 00 00 00 00 00 00
00001030  07 00 00 00 09 00 00 00 00 00 00 00 00 00 00 00
00001040  48 80 00 00 00 00 00 00 07 00 00 00 0a 00 00 00
00001050  00 00 00 00 00 00 00 00 50 80 00 00 00 00 00 00
00001060  07 00 00 00 0b 00 00 00 00 00 00 00 00 00 00 00
00001070  58 80 00 00 00 00 00 00 07 00 00 00 0d 00 00 00
00001080  00 00 00 00 00 00 00 00 60 80 00 00 00 00 00 00
00001090  07 00 00 00 0e 00 00 00 00 00 00 00 00 00 00 00
000010a0  68 80 00 00 00 00 00 00 07 00 00 00 0f 00 00 00
000010b0  00 00 00 00 00 00 00 00 70 80 00 00 00 00 00 00
000010c0  07 00 00 00 10 00 00 00 00 00 00 00 00 00 00 00
000010d0  78 80 00 00 00 00 00 00 07 00 00 00 11 00 00 00
000010e0  00 00 00 00 00 00 00 00 80 80 00 00 00 00 00 00
000010f0  07 00 00 00 12 00 00 00 00 00 00 00 00 00 00 00
00001100  88 80 00 00 00 00 00 00 07 00 00 00 13 00 00 00
00001110  00 00 00 00 00 00 00 00 90 80 00 00 00 00 00 00
00001120  07 00 00 00 14 00 00 00 00 00 00 00 00 00 00 00
00001130  98 80 00 00 00 00 00 00 07 00 00 00 15 00 00 00
00001140  00 00 00 00 00 00 00 00 a0 80 00 00 00 00 00 00
00001150  07 00 00 00 16 00 00 00 00 00 00 00 00 00 00 00
00001160  a8 80 00 00 00 00 00 00 07 00 00 00 17 00 00 00
00001170  00 00 00 00 00 00 00 00 b0 80 00 00 00 00 00 00
00001180  07 00 00 00 19 00 00 00 00 00 00 00 00 00 00 00
00001190  b8 80 00 00 00 00 00 00 07 00 00 00 1b 00 00 00
000011a0  00 00 00 00 00 00 00 00 c0 80 00 00 00 00 00 00
000011b0  07 00 00 00 1c 00 00 00 00 00 00 00 00 00 00 00
000011c0  c8 80 00 00 00 00 00 00 07 00 00 00 1d 00 00 00
000011d0  00 00 00 00 00 00 00 00 d0 80 00 00 00 00 00 00
000011e0  07 00 00 00 1e 00 00 00 00 00 00 00 00 00 00 00
000011f0  d8 80 00 00 00 00 00 00 07 00 00 00 1f 00 00 00
00001200  00 00 00 00 00 00 00 00 e0 80 00 00 00 00 00 00
00001210  07 00 00 00 20 00 00 00 00 00 00 00 00 00 00 00
00001220  e8 80 00 00 00 00 00 00 07 00 00 00 21 00 00 00
00001230  00 00 00 00 00 00 00 00 f0 80 00 00 00 00 00 00
00001240  07 00 00 00 22 00 00 00 00 00 00 00 00 00 00 00
00001250  f8 80 00 00 00 00 00 00 07 00 00 00 23 00 00 00
00001260  00 00 00 00 00 00 00 00 00 81 00 00 00 00 00 00
00001270  07 00 00 00 24 00 00 00 00 00 00 00 00 00 00 00
00001280  08 81 00 00 00 00 00 00 07 00 00 00 25 00 00 00
00001290  00 00 00 00 00 00 00 00 10 81 00 00 00 00 00 00
000012a0  07 00 00 00 26 00 00 00 00 00 00 00 00 00 00 00
000012b0  18 81 00 00 00 00 00 00 07 00 00 00 27 00 00 00
000012c0  00 00 00 00 00 00 00 00 20 81 00 00 00 00 00 00
000012d0  07 00 00 00 28 00 00 00 00 00 00 00 00 00 00 00
000012e0  28 81 00 00 00 00 00 00 07 00 00 00 29 00 00 00
000012f0  00 00 00 00 00 00 00 00 30 81 00 00 00 00 00 00
00001300  07 00 00 00 2a 00 00 00 00 00 00 00 00 00 00 00
00001310  38 81 00 00 00 00 00 00 07 00 00 00 2b 00 00 00
00001320  00 00 00 00 00 00 00 00 40 81 00 00 00 00 00 00
00001330  07 00 00 00 2c 00 00 00 00 00 00 00 00 00 00 00
00001340  48 81 00 00 00 00 00 00 07 00 00 00 2d 00 00 00
00001350  00 00 00 00 00 00 00 00 50 81 00 00 00 00 00 00
00001360  07 00 00 00 2e 00 00 00 00 00 00 00 00 00 00 00
00001370  58 81 00 00 00 00 00 00 07 00 00 00 2f 00 00 00
00001380  00 00 00 00 00 00 00 00 60 81 00 00 00 00 00 00
00001390  07 00 00 00 30 00 00 00 00 00 00 00 00 00 00 00
000013a0  68 81 00 00 00 00 00 00 07 00 00 00 31 00 00 00
000013b0  00 00 00 00 00 00 00 00 70 81 00 00 00 00 00 00
000013c0  07 00 00 00 32 00 00 00 00 00 00 00 00 00 00 00
000013d0  78 81 00 00 00 00 00 00 07 00 00 00 33 00 00 00
000013e0  00 00 00 00 00 00 00 00 80 81 00 00 00 00 00 00
000013f0  07 00 00 00 34 00 00 00 00 00 00 00 00 00 00 00
00001400  88 81 00 00 00 00 00 00 07 00 00 00 35 00 00 00
00001410  00 00 00 00 00 00 00 00 90 81 00 00 00 00 00 00
00001420  07 00 00 00 36 00 00 00 00 00 00 00 00 00 00 00
00001430  98 81 00 00 00 00 00 00 07 00 00 00 37 00 00 00
00001440  00 00 00 00 00 00 00 00 a0 81 00 00 00 00 00 00
00001450  07 00 00 00 38 00 00 00 00 00 00 00 00 00 00 00
00001460  a8 81 00 00 00 00 00 00 07 00 00 00 39 00 00 00
00001470  00 00 00 00 00 00 00 00 b0 81 00 00 00 00 00 00
00001480  07 00 00 00 3a 00 00 00 00 00 00 00 00 00 00 00
00001490  b8 81 00 00 00 00 00 00 07 00 00 00 3c 00 00 00
000014a0  00 00 00 00 00 00 00 00 00 00 00 00 00 00 00 00
000014b0  00 00 00 00 00 00 00 00 00 00 00 00 00 00 00 00
000014c0  00 00 00 00 00 00 00 00 00 00 00 00 00 00 00 00
000014d0  00 00 00 00 00 00 00 00 00 00 00 00 00 00 00 00
000014e0  00 00 00 00 00 00 00 00 00 00 00 00 00 00 00 00
000014f0  00 00 00 00 00 00 00 00 00 00 00 00 00 00 00 00
00001500  00 00 00 00 00 00 00 00 00 00 00 00 00 00 00 00
00001510  00 00 00 00 00 00 00 00 00 00 00 00 00 00 00 00
00001520  00 00 00 00 00 00 00 00 00 00 00 00 00 00 00 00
00001530  00 00 00 00 00 00 00 00 00 00 00 00 00 00 00 00
00001540  00 00 00 00 00 00 00 00 00 00 00 00 00 00 00 00
00001550  00 00 00 00 00 00 00 00 00 00 00 00 00 00 00 00
00001560  00 00 00 00 00 00 00 00 00 00 00 00 00 00 00 00
00001570  00 00 00 00 00 00 00 00 00 00 00 00 00 00 00 00
00001580  00 00 00 00 00 00 00 00 00 00 00 00 00 00 00 00
00001590  00 00 00 00 00 00 00 00 00 00 00 00 00 00 00 00
000015a0  00 00 00 00 00 00 00 00 00 00 00 00 00 00 00 00
000015b0  00 00 00 00 00 00 00 00 00 00 00 00 00 00 00 00
000015c0  00 00 00 00 00 00 00 00 00 00 00 00 00 00 00 00
000015d0  00 00 00 00 00 00 00 00 00 00 00 00 00 00 00 00
000015e0  00 00 00 00 00 00 00 00 00 00 00 00 00 00 00 00
000015f0  00 00 00 00 00 00 00 00 00 00 00 00 00 00 00 00
00001600  00 00 00 00 00 00 00 00 00 00 00 00 00 00 00 00
00001610  00 00 00 00 00 00 00 00 00 00 00 00 00 00 00 00
00001620  00 00 00 00 00 00 00 00 00 00 00 00 00 00 00 00
00001630  00 00 00 00 00 00 00 00 00 00 00 00 00 00 00 00
00001640  00 00 00 00 00 00 00 00 00 00 00 00 00 00 00 00
00001650  00 00 00 00 00 00 00 00 00 00 00 00 00 00 00 00
00001660  00 00 00 00 00 00 00 00 00 00 00 00 00 00 00 00
00001670  00 00 00 00 00 00 00 00 00 00 00 00 00 00 00 00
00001680  00 00 00 00 00 00 00 00 00 00 00 00 00 00 00 00
00001690  00 00 00 00 00 00 00 00 00 00 00 00 00 00 00 00
000016a0  00 00 00 00 00 00 00 00 00 00 00 00 00 00 00 00
000016b0  00 00 00 00 00 00 00 00 00 00 00 00 00 00 00 00
000016c0  00 00 00 00 00 00 00 00 00 00 00 00 00 00 00 00
000016d0  00 00 00 00 00 00 00 00 00 00 00 00 00 00 00 00
000016e0  00 00 00 00 00 00 00 00 00 00 00 00 00 00 00 00
000016f0  00 00 00 00 00 00 00 00 00 00 00 00 00 00 00 00
00001700  00 00 00 00 00 00 00 00 00 00 00 00 00 00 00 00
00001710  00 00 00 00 00 00 00 00 00 00 00 00 00 00 00 00
00001720  00 00 00 00 00 00 00 00 00 00 00 00 00 00 00 00
00001730  00 00 00 00 00 00 00 00 00 00 00 00 00 00 00 00
00001740  00 00 00 00 00 00 00 00 00 00 00 00 00 00 00 00
00001750  00 00 00 00 00 00 00 00 00 00 00 00 00 00 00 00
00001760  00 00 00 00 00 00 00 00 00 00 00 00 00 00 00 00
00001770  00 00 00 00 00 00 00 00 00 00 00 00 00 00 00 00
00001780  00 00 00 00 00 00 00 00 00 00 00 00 00 00 00 00
00001790  00 00 00 00 00 00 00 00 00 00 00 00 00 00 00 00
000017a0  00 00 00 00 00 00 00 00 00 00 00 00 00 00 00 00
000017b0  00 00 00 00 00 00 00 00 00 00 00 00 00 00 00 00
000017c0  00 00 00 00 00 00 00 00 00 00 00 00 00 00 00 00
000017d0  00 00 00 00 00 00 00 00 00 00 00 00 00 00 00 00
000017e0  00 00 00 00 00 00 00 00 00 00 00 00 00 00 00 00
000017f0  00 00 00 00 00 00 00 00 00 00 00 00 00 00 00 00
00001800  00 00 00 00 00 00 00 00 00 00 00 00 00 00 00 00
00001810  00 00 00 00 00 00 00 00 00 00 00 00 00 00 00 00
00001820  00 00 00 00 00 00 00 00 00 00 00 00 00 00 00 00
00001830  00 00 00 00 00 00 00 00 00 00 00 00 00 00 00 00
00001840  00 00 00 00 00 00 00 00 00 00 00 00 00 00 00 00
00001850  00 00 00 00 00 00 00 00 00 00 00 00 00 00 00 00
00001860  00 00 00 00 00 00 00 00 00 00 00 00 00 00 00 00
00001870  00 00 00 00 00 00 00 00 00 00 00 00 00 00 00 00
00001880  00 00 00 00 00 00 00 00 00 00 00 00 00 00 00 00
00001890  00 00 00 00 00 00 00 00 00 00 00 00 00 00 00 00
000018a0  00 00 00 00 00 00 00 00 00 00 00 00 00 00 00 00
000018b0  00 00 00 00 00 00 00 00 00 00 00 00 00 00 00 00
000018c0  00 00 00 00 00 00 00 00 00 00 00 00 00 00 00 00
000018d0  00 00 00 00 00 00 00 00 00 00 00 00 00 00 00 00
000018e0  00 00 00 00 00 00 00 00 00 00 00 00 00 00 00 00
000018f0  00 00 00 00 00 00 00 00 00 00 00 00 00 00 00 00
00001900  00 00 00 00 00 00 00 00 00 00 00 00 00 00 00 00
00001910  00 00 00 00 00 00 00 00 00 00 00 00 00 00 00 00
00001920  00 00 00 00 00 00 00 00 00 00 00 00 00 00 00 00
00001930  00 00 00 00 00 00 00 00 00 00 00 00 00 00 00 00
00001940  00 00 00 00 00 00 00 00 00 00 00 00 00 00 00 00
00001950  00 00 00 00 00 00 00 00 00 00 00 00 00 00 00 00
00001960  00 00 00 00 00 00 00 00 00 00 00 00 00 00 00 00
00001970  00 00 00 00 00 00 00 00 00 00 00 00 00 00 00 00
00001980  00 00 00 00 00 00 00 00 00 00 00 00 00 00 00 00
00001990  00 00 00 00 00 00 00 00 00 00 00 00 00 00 00 00
000019a0  00 00 00 00 00 00 00 00 00 00 00 00 00 00 00 00
000019b0  00 00 00 00 00 00 00 00 00 00 00 00 00 00 00 00
000019c0  00 00 00 00 00 00 00 00 00 00 00 00 00 00 00 00
000019d0  00 00 00 00 00 00 00 00 00 00 00 00 00 00 00 00
000019e0  00 00 00 00 00 00 00 00 00 00 00 00 00 00 00 00
000019f0  00 00 00 00 00 00 00 00 00 00 00 00 00 00 00 00
00001a00  00 00 00 00 00 00 00 00 00 00 00 00 00 00 00 00
00001a10  00 00 00 00 00 00 00 00 00 00 00 00 00 00 00 00
00001a20  00 00 00 00 00 00 00 00 00 00 00 00 00 00 00 00
00001a30  00 00 00 00 00 00 00 00 00 00 00 00 00 00 00 00
00001a40  00 00 00 00 00 00 00 00 00 00 00 00 00 00 00 00
00001a50  00 00 00 00 00 00 00 00 00 00 00 00 00 00 00 00
00001a60  00 00 00 00 00 00 00 00 00 00 00 00 00 00 00 00
00001a70  00 00 00 00 00 00 00 00 00 00 00 00 00 00 00 00
00001a80  00 00 00 00 00 00 00 00 00 00 00 00 00 00 00 00
00001a90  00 00 00 00 00 00 00 00 00 00 00 00 00 00 00 00
00001aa0  00 00 00 00 00 00 00 00 00 00 00 00 00 00 00 00
00001ab0  00 00 00 00 00 00 00 00 00 00 00 00 00 00 00 00
00001ac0  00 00 00 00 00 00 00 00 00 00 00 00 00 00 00 00
00001ad0  00 00 00 00 00 00 00 00 00 00 00 00 00 00 00 00
00001ae0  00 00 00 00 00 00 00 00 00 00 00 00 00 00 00 00
00001af0  00 00 00 00 00 00 00 00 00 00 00 00 00 00 00 00
00001b00  00 00 00 00 00 00 00 00 00 00 00 00 00 00 00 00
00001b10  00 00 00 00 00 00 00 00 00 00 00 00 00 00 00 00
00001b20  00 00 00 00 00 00 00 00 00 00 00 00 00 00 00 00
00001b30  00 00 00 00 00 00 00 00 00 00 00 00 00 00 00 00
00001b40  00 00 00 00 00 00 00 00 00 00 00 00 00 00 00 00
00001b50  00 00 00 00 00 00 00 00 00 00 00 00 00 00 00 00
00001b60  00 00 00 00 00 00 00 00 00 00 00 00 00 00 00 00
00001b70  00 00 00 00 00 00 00 00 00 00 00 00 00 00 00 00
00001b80  00 00 00 00 00 00 00 00 00 00 00 00 00 00 00 00
00001b90  00 00 00 00 00 00 00 00 00 00 00 00 00 00 00 00
00001ba0  00 00 00 00 00 00 00 00 00 00 00 00 00 00 00 00
00001bb0  00 00 00 00 00 00 00 00 00 00 00 00 00 00 00 00
00001bc0  00 00 00 00 00 00 00 00 00 00 00 00 00 00 00 00
00001bd0  00 00 00 00 00 00 00 00 00 00 00 00 00 00 00 00
00001be0  00 00 00 00 00 00 00 00 00 00 00 00 00 00 00 00
00001bf0  00 00 00 00 00 00 00 00 00 00 00 00 00 00 00 00
00001c00  00 00 00 00 00 00 00 00 00 00 00 00 00 00 00 00
00001c10  00 00 00 00 00 00 00 00 00 00 00 00 00 00 00 00
00001c20  00 00 00 00 00 00 00 00 00 00 00 00 00 00 00 00
00001c30  00 00 00 00 00 00 00 00 00 00 00 00 00 00 00 00
00001c40  00 00 00 00 00 00 00 00 00 00 00 00 00 00 00 00
00001c50  00 00 00 00 00 00 00 00 00 00 00 00 00 00 00 00
00001c60  00 00 00 00 00 00 00 00 00 00 00 00 00 00 00 00
00001c70  00 00 00 00 00 00 00 00 00 00 00 00 00 00 00 00
00001c80  00 00 00 00 00 00 00 00 00 00 00 00 00 00 00 00
00001c90  00 00 00 00 00 00 00 00 00 00 00 00 00 00 00 00
00001ca0  00 00 00 00 00 00 00 00 00 00 00 00 00 00 00 00
00001cb0  00 00 00 00 00 00 00 00 00 00 00 00 00 00 00 00
00001cc0  00 00 00 00 00 00 00 00 00 00 00 00 00 00 00 00
00001cd0  00 00 00 00 00 00 00 00 00 00 00 00 00 00 00 00
00001ce0  00 00 00 00 00 00 00 00 00 00 00 00 00 00 00 00
00001cf0  00 00 00 00 00 00 00 00 00 00 00 00 00 00 00 00
00001d00  00 00 00 00 00 00 00 00 00 00 00 00 00 00 00 00
00001d10  00 00 00 00 00 00 00 00 00 00 00 00 00 00 00 00
00001d20  00 00 00 00 00 00 00 00 00 00 00 00 00 00 00 00
00001d30  00 00 00 00 00 00 00 00 00 00 00 00 00 00 00 00
00001d40  00 00 00 00 00 00 00 00 00 00 00 00 00 00 00 00
00001d50  00 00 00 00 00 00 00 00 00 00 00 00 00 00 00 00
00001d60  00 00 00 00 00 00 00 00 00 00 00 00 00 00 00 00
00001d70  00 00 00 00 00 00 00 00 00 00 00 00 00 00 00 00
00001d80  00 00 00 00 00 00 00 00 00 00 00 00 00 00 00 00
00001d90  00 00 00 00 00 00 00 00 00 00 00 00 00 00 00 00
00001da0  00 00 00 00 00 00 00 00 00 00 00 00 00 00 00 00
00001db0  00 00 00 00 00 00 00 00 00 00 00 00 00 00 00 00
00001dc0  00 00 00 00 00 00 00 00 00 00 00 00 00 00 00 00
00001dd0  00 00 00 00 00 00 00 00 00 00 00 00 00 00 00 00
00001de0  00 00 00 00 00 00 00 00 00 00 00 00 00 00 00 00
00001df0  00 00 00 00 00 00 00 00 00 00 00 00 00 00 00 00
00001e00  00 00 00 00 00 00 00 00 00 00 00 00 00 00 00 00
00001e10  00 00 00 00 00 00 00 00 00 00 00 00 00 00 00 00
00001e20  00 00 00 00 00 00 00 00 00 00 00 00 00 00 00 00
00001e30  00 00 00 00 00 00 00 00 00 00 00 00 00 00 00 00
00001e40  00 00 00 00 00 00 00 00 00 00 00 00 00 00 00 00
00001e50  00 00 00 00 00 00 00 00 00 00 00 00 00 00 00 00
00001e60  00 00 00 00 00 00 00 00 00 00 00 00 00 00 00 00
00001e70  00 00 00 00 00 00 00 00 00 00 00 00 00 00 00 00
00001e80  00 00 00 00 00 00 00 00 00 00 00 00 00 00 00 00
00001e90  00 00 00 00 00 00 00 00 00 00 00 00 00 00 00 00
00001ea0  00 00 00 00 00 00 00 00 00 00 00 00 00 00 00 00
00001eb0  00 00 00 00 00 00 00 00 00 00 00 00 00 00 00 00
00001ec0  00 00 00 00 00 00 00 00 00 00 00 00 00 00 00 00
00001ed0  00 00 00 00 00 00 00 00 00 00 00 00 00 00 00 00
00001ee0  00 00 00 00 00 00 00 00 00 00 00 00 00 00 00 00
00001ef0  00 00 00 00 00 00 00 00 00 00 00 00 00 00 00 00
00001f00  00 00 00 00 00 00 00 00 00 00 00 00 00 00 00 00
00001f10  00 00 00 00 00 00 00 00 00 00 00 00 00 00 00 00
00001f20  00 00 00 00 00 00 00 00 00 00 00 00 00 00 00 00
00001f30  00 00 00 00 00 00 00 00 00 00 00 00 00 00 00 00
00001f40  00 00 00 00 00 00 00 00 00 00 00 00 00 00 00 00
00001f50  00 00 00 00 00 00 00 00 00 00 00 00 00 00 00 00
00001f60  00 00 00 00 00 00 00 00 00 00 00 00 00 00 00 00
00001f70  00 00 00 00 00 00 00 00 00 00 00 00 00 00 00 00
00001f80  00 00 00 00 00 00 00 00 00 00 00 00 00 00 00 00
00001f90  00 00 00 00 00 00 00 00 00 00 00 00 00 00 00 00
00001fa0  00 00 00 00 00 00 00 00 00 00 00 00 00 00 00 00
00001fb0  00 00 00 00 00 00 00 00 00 00 00 00 00 00 00 00
00001fc0  00 00 00 00 00 00 00 00 00 00 00 00 00 00 00 00
00001fd0  00 00 00 00 00 00 00 00 00 00 00 00 00 00 00 00
00001fe0  00 00 00 00 00 00 00 00 00 00 00 00 00 00 00 00
00001ff0  00 00 00 00 00 00 00 00 00 00 00 00 00 00 00 00
00002000  48 83 ec 08 48 8b 05 b5 5f 00 00 48 85 c0 74 02
00002010  ff d0 48 83 c4 08 c3 00 00 00 00 00 00 00 00 00
00002020  ff 35 ca 5f 00 00 ff 25 cc 5f 00 00 0f 1f 40 00
00002030  ff 25 ca 5f 00 00 68 00 00 00 00 e9 e0 ff ff ff
00002040  ff 25 c2 5f 00 00 68 01 00 00 00 e9 d0 ff ff ff
00002050  ff 25 ba 5f 00 00 68 02 00 00 00 e9 c0 ff ff ff
00002060  ff 25 b2 5f 00 00 68 03 00 00 00 e9 b0 ff ff ff
00002070  ff 25 aa 5f 00 00 68 04 00 00 00 e9 a0 ff ff ff
00002080  ff 25 a2 5f 00 00 68 05 00 00 00 e9 90 ff ff ff
00002090  ff 25 9a 5f 00 00 68 06 00 00 00 e9 80 ff ff ff
000020a0  ff 25 92 5f 00 00 68 07 00 00 00 e9 70 ff ff ff
000020b0  ff 25 8a 5f 00 00 68 08 00 00 00 e9 60 ff ff ff
000020c0  ff 25 82 5f 00 00 68 09 00 00 00 e9 50 ff ff ff
000020d0  ff 25 7a 5f 00 00 68 0a 00 00 00 e9 40 ff ff ff
000020e0  ff 25 72 5f 00 00 68 0b 00 00 00 e9 30 ff ff ff
000020f0  ff 25 6a 5f 00 00 68 0c 00 00 00 e9 20 ff ff ff
00002100  ff 25 62 5f 00 00 68 0d 00 00 00 e9 10 ff ff ff
00002110  ff 25 5a 5f 00 00 68 0e 00 00 00 e9 00 ff ff ff
00002120  ff 25 52 5f 00 00 68 0f 00 00 00 e9 f0 fe ff ff
00002130  ff 25 4a 5f 00 00 68 10 00 00 00 e9 e0 fe ff ff
00002140  ff 25 42 5f 00 00 68 11 00 00 00 e9 d0 fe ff ff
00002150  ff 25 3a 5f 00 00 68 12 00 00 00 e9 c0 fe ff ff
00002160  ff 25 32 5f 00 00 68 13 00 00 00 e9 b0 fe ff ff
00002170  ff 25 2a 5f 00 00 68 14 00 00 00 e9 a0 fe ff ff
00002180  ff 25 22 5f 00 00 68 15 00 00 00 e9 90 fe ff ff
00002190  ff 25 1a 5f 00 00 68 16 00 00 00 e9 80 fe ff ff
000021a0  ff 25 12 5f 00 00 68 17 00 00 00 e9 70 fe ff ff
000021b0  ff 25 0a 5f 00 00 68 18 00 00 00 e9 60 fe ff ff
000021c0  ff 25 02 5f 00 00 68 19 00 00 00 e9 50 fe ff ff
000021d0  ff 25 fa 5e 00 00 68 1a 00 00 00 e9 40 fe ff ff
000021e0  ff 25 f2 5e 00 00 68 1b 00 00 00 e9 30 fe ff ff
000021f0  ff 25 ea 5e 00 00 68 1c 00 00 00 e9 20 fe ff ff
00002200  ff 25 e2 5e 00 00 68 1d 00 00 00 e9 10 fe ff ff
00002210  ff 25 da 5e 00 00 68 1e 00 00 00 e9 00 fe ff ff
00002220  ff 25 d2 5e 00 00 68 1f 00 00 00 e9 f0 fd ff ff
00002230  ff 25 ca 5e 00 00 68 20 00 00 00 e9 e0 fd ff ff
00002240  ff 25 c2 5e 00 00 68 21 00 00 00 e9 d0 fd ff ff
00002250  ff 25 ba 5e 00 00 68 22 00 00 00 e9 c0 fd ff ff
00002260  ff 25 b2 5e 00 00 68 23 00 00 00 e9 b0 fd ff ff
00002270  ff 25 aa 5e 00 00 68 24 00 00 00 e9 a0 fd ff ff
00002280  ff 25 a2 5e 00 00 68 25 00 00 00 e9 90 fd ff ff
00002290  ff 25 9a 5e 00 00 68 26 00 00 00 e9 80 fd ff ff
000022a0  ff 25 92 5e 00 00 68 27 00 00 00 e9 70 fd ff ff
000022b0  ff 25 8a 5e 00 00 68 28 00 00 00 e9 60 fd ff ff
000022c0  ff 25 82 5e 00 00 68 29 00 00 00 e9 50 fd ff ff
000022d0  ff 25 7a 5e 00 00 68 2a 00 00 00 e9 40 fd ff ff
000022e0  ff 25 72 5e 00 00 68 2b 00 00 00 e9 30 fd ff ff
000022f0  ff 25 6a 5e 00 00 68 2c 00 00 00 e9 20 fd ff ff
00002300  ff 25 62 5e 00 00 68 2d 00 00 00 e9 10 fd ff ff
00002310  ff 25 5a 5e 00 00 68 2e 00 00 00 e9 00 fd ff ff
00002320  ff 25 52 5e 00 00 68 2f 00 00 00 e9 f0 fc ff ff
00002330  ff 25 4a 5e 00 00 68 30 00 00 00 e9 e0 fc ff ff
00002340  ff 25 42 5e 00 00 68 31 00 00 00 e9 d0 fc ff ff
00002350  ff 25 3a 5e 00 00 68 32 00 00 00 e9 c0 fc ff ff
00002360  ff 25 32 5e 00 00 68 33 00 00 00 e9 b0 fc ff ff
00002370  ff 25 2a 5e 00 00 68 34 00 00 00 e9 a0 fc ff ff
00002380  ff 25 22 5e 00 00 68 35 00 00 00 e9 90 fc ff ff
00002390  ff 25 1a 5e 00 00 68 36 00 00 00 e9 80 fc ff ff
000023a0  ff 25 12 5e 00 00 68 37 00 00 00 e9 70 fc ff ff
000023b0  ff 25 22 5c 00 00 66 90 00 00 00 00 00 00 00 00
000023c0  41 57 31 ff 41 56 41 55 41 54 55 53 48 81 ec b8
000023d0  22 00 00 e8 a8 fd ff ff 48 85 c0 0f 84 b4 0f 00
000023e0  00 48 63 a8 e0 00 00 00 66 0f 6f 05 10 3e 00 00
000023f0  48 89 c7 49 89 c5 48 8d 94 24 60 01 00 00 c7 84
00002400  24 70 01 00 00 00 00 00 00 89 ee 0f 29 84 24 60
00002410  01 00 00 e8 68 fe ff ff 48 89 c3 48 85 c0 0f 84
00002420  58 0f 00 00 49 8b 85 e8 00 00 00 48 c1 e5 07 48
00002430  8b 13 31 c9 4c 89 ef 48 8b 74 28 10 e8 ff fc ff
00002440  ff b9 1c 00 00 00 48 8d 94 24 80 01 00 00 41 b9
00002450  38 04 00 00 48 89 c6 48 89 d7 31 c0 41 b8 80 07
00002460  00 00 f3 ab 49 8b 85 e8 00 00 00 48 89 b4 24 e0
00002470  01 00 00 4c 89 ef 48 c7 84 24 c8 01 00 00 43 00
00002480  02 00 48 8b 74 28 10 52 31 d2 68 00 28 00 00 ff
00002490  33 6a 01 8b 43 14 50 6a 00 e8 92 fc ff ff 48 8d
000024a0  15 a3 2c 00 00 4c 89 ef 49 89 c6 48 89 44 24 70
000024b0  48 89 c6 48 83 c4 30 e8 f4 fb ff ff 4c 89 f6 4c
000024c0  89 ef e8 79 fd ff ff b9 01 00 00 00 4c 89 f6 4c
000024d0  89 ef 48 8d 94 24 cb 00 00 00 41 b8 01 00 00 00
000024e0  c6 84 24 cb 00 00 00 00 e8 73 fd ff ff 66 0f ef
000024f0  c0 48 8d 8c 24 d0 00 00 00 4c 89 ef 0f 29 84 24
00002500  d0 00 00 00 49 89 c8 48 89 c6 48 89 c2 41 51 45
00002510  31 c9 6a 00 e8 c7 fc ff ff 4c 89 f6 4c 89 ef 48
00002520  89 c2 e8 09 fe ff ff 31 c9 ba 02 00 00 00 4c 89
00002530  f6 4c 89 ef e8 67 fd ff ff 31 d2 b9 01 00 00 00
00002540  48 89 de 4c 89 ef e8 d5 fb ff ff 41 5a 41 5b 48
00002550  89 c2 48 85 c0 0f 84 21 0e 00 00 4c 89 f6 4c 89
00002560  ef e8 fa fa ff ff 85 c0 0f 84 0e 0e 00 00 48 8d
00002570  3d b2 2a 00 00 e8 96 fb ff ff 48 89 05 e7 5c 00
00002580  00 48 85 c0 0f 84 23 1b 00 00 48 8d 3d b3 2a 00
00002590  00 e8 7a fb ff ff 48 89 05 c3 5c 00 00 48 85 c0
000025a0  0f 84 26 1b 00 00 48 8d 3d a6 2a 00 00 e8 5e fb
000025b0  ff ff 48 89 05 9f 5c 00 00 48 85 c0 0f 84 29 1b
000025c0  00 00 48 8d 3d 9a 2a 00 00 e8 42 fb ff ff 48 89
000025d0  05 7b 5c 00 00 48 85 c0 0f 84 6c 1b 00 00 48 8d
000025e0  3d 8c 2a 00 00 e8 26 fb ff ff 48 89 05 57 5c 00
000025f0  00 48 85 c0 0f 84 bf 0d 00 00 48 8d 3d 83 2a 00
00002600  00 e8 0a fb ff ff 48 89 05 33 5c 00 00 48 85 c0
00002610  0f 84 53 1b 00 00 48 8d 3d 77 2a 00 00 e8 ee fa
00002620  ff ff 48 89 05 0f 5c 00 00 48 85 c0 0f 84 74 1b
00002630  00 00 48 8d 3d 6a 2a 00 00 e8 d2 fa ff ff 48 89
00002640  05 eb 5b 00 00 48 85 c0 0f 84 46 1c 00 00 48 8d
00002650  3d 5c 2a 00 00 e8 b6 fa ff ff 48 89 05 c7 5b 00
00002660  00 48 85 c0 0f 84 49 1c 00 00 48 8d 3d 4f 2a 00
00002670  00 e8 9a fa ff ff 48 89 05 a3 5b 00 00 48 85 c0
00002680  0f 84 4c 1c 00 00 48 8d 3d 47 2a 00 00 e8 7e fa
00002690  ff ff 48 89 05 7f 5b 00 00 48 85 c0 0f 84 6e 1c
000026a0  00 00 48 8d 3d 38 2a 00 00 e8 62 fa ff ff 48 89
000026b0  05 5b 5b 00 00 48 85 c0 0f 84 33 1c 00 00 48 8d
000026c0  3d 31 2a 00 00 e8 46 fa ff ff 48 89 05 37 5b 00
000026d0  00 48 85 c0 0f 84 93 1c 00 00 48 8d 3d 21 2a 00
000026e0  00 e8 2a fa ff ff 48 89 05 13 5b 00 00 48 85 c0
000026f0  0f 84 58 1c 00 00 48 8d 3d 11 2a 00 00 e8 0e fa
00002700  ff ff 48 85 c0 0f 84 24 1c 00 00 48 8d 35 66 2a
00002710  00 00 bf 31 8b 00 00 e8 74 1d 00 00 48 8d 35 6d
00002720  2b 00 00 bf 30 8b 00 00 41 89 c4 e8 60 1d 00 00
00002730  89 c5 ff 15 08 5b 00 00 44 89 e6 89 c3 89 c7 ff
00002740  15 f3 5a 00 00 89 ee 89 df ff 15 e9 5a 00 00 89
00002750  df ff 15 d9 5a 00 00 45 31 c0 be 82 8b 00 00 89
00002760  df 44 89 84 24 cc 00 00 00 48 8d 94 24 cc 00 00
00002770  00 ff 15 b1 5a 00 00 83 bc 24 cc 00 00 00 00 0f
00002780  84 55 0c 00 00 89 df ff 15 8b 5a 00 00 48 8d 35
00002790  96 29 00 00 89 df ff 15 74 5a 00 00 48 8d 35 8d
000027a0  29 00 00 89 df 89 05 4d 5a 00 00 ff 15 5f 5a 00
000027b0  00 48 8d 35 7d 29 00 00 89 df 89 05 34 5a 00 00
000027c0  ff 15 4a 5a 00 00 48 8d 35 6f 29 00 00 89 df 89
000027d0  05 1b 5a 00 00 ff 15 35 5a 00 00 b9 38 04 00 00
000027e0  31 f6 31 ff ba 80 07 00 00 89 05 fd 59 00 00 e8
000027f0  6c fb ff ff f2 0f 10 05 fc 36 00 00 e8 ef fa ff
00002800  ff bf 71 0b 00 00 e8 65 f8 ff ff bf 03 02 00 00
00002810  e8 cb fa ff ff bf 44 0b 00 00 e8 c1 f8 ff ff bf
00002820  a1 0b 00 00 e8 47 f8 ff ff bf e2 0b 00 00 e8 3d
00002830  f8 ff ff be 03 03 00 00 bf 02 03 00 00 e8 7e f9
00002840  ff ff bf 01 1d 00 00 e8 44 f9 ff ff bf 01 17 00
00002850  00 e8 7a f8 ff ff e8 f5 f8 ff ff f2 0f 10 25 a5
00002860  36 00 00 f2 0f 10 2d 95 36 00 00 f2 0f 10 1d 9d
00002870  36 00 00 f2 0f 10 15 9d 36 00 00 f2 0f 10 0d 9d
00002880  36 00 00 f2 0f 10 05 9d 36 00 00 e8 70 f9 ff ff
00002890  bf 00 17 00 00 e8 36 f8 ff ff 45 31 c9 45 31 c0
000028a0  31 c9 56 4c 89 ef 31 f6 68 1c 02 00 00 68 c0 03
000028b0  00 00 6a 00 48 8b 54 24 60 e8 12 fa ff ff 48 83
000028c0  c4 20 4c 89 ef e8 e6 f9 ff ff 31 c0 48 8d bc 24
000028d0  b0 02 00 00 b9 80 00 00 00 f3 48 ab 4c 8d a4 24
000028e0  bc 00 00 00 48 8d ac 24 b8 00 00 00 e8 5f 1d 00
000028f0  00 48 8d 84 24 f0 01 00 00 31 d2 f3 0f 10 25 05
00002900  37 00 00 48 89 44 24 30 48 8d 84 24 e0 00 00 00
00002910  48 89 44 24 78 48 8d 84 24 f0 00 00 00 48 89 84
00002920  24 80 00 00 00 48 8d 84 24 00 01 00 00 48 89 84
00002930  24 88 00 00 00 48 8d 84 24 10 01 00 00 48 89 84
00002940  24 90 00 00 00 48 8d 84 24 20 01 00 00 48 89 84
00002950  24 98 00 00 00 48 8d 84 24 30 01 00 00 48 89 84
00002960  24 a0 00 00 00 48 8d 84 24 40 01 00 00 48 89 84
00002970  24 a8 00 00 00 48 8d 84 24 50 01 00 00 f3 0f 11
00002980  64 24 60 f3 0f 10 25 81 36 00 00 c7 44 24 48 00
00002990  00 00 00 c7 44 24 4c 00 00 00 00 c7 44 24 2c 00
000029a0  00 00 00 c7 44 24 3c 01 00 00 00 48 89 84 24 b0
000029b0  00 00 00 4c 89 6c 24 58 48 89 54 24 70 f2 0f 11
000029c0  44 24 68 f2 0f 11 44 24 18 f3 0f 11 64 24 28 48
000029d0  8b 5c 24 58 41 be 01 00 00 00 66 0f 1f 44 00 00
000029e0  48 89 df e8 b8 f9 ff ff 85 c0 0f 84 8d 00 00 00
000029f0  48 8b 74 24 30 48 89 df e8 f3 f7 ff ff 44 8b ac
00002a00  24 f0 01 00 00 41 8d 45 fe 83 f8 01 0f 86 26 0a
00002a10  00 00 41 83 fd 06 75 c8 8b 84 24 30 02 00 00 8d
00002a20  90 40 fc ff ff 8b 84 24 34 02 00 00 89 d1 2d 1c
00002a30  02 00 00 09 c1 74 0b f6 44 24 3c 01 0f 84 7b 15
00002a40  00 00 48 83 ec 08 45 31 c9 45 31 c0 31 c9 68 1c
00002a50  02 00 00 31 f6 48 89 df 68 c0 03 00 00 6a 00 48
00002a60  8b 54 24 60 e8 67 f8 ff ff 48 83 c4 20 48 89 df
00002a70  e8 2b f9 ff ff 85 c0 0f 85 73 ff ff ff f3 0f 10
00002a80  44 24 4c 48 89 ee 4c 89 e7 41 89 c7 e8 ef f5 ff
00002a90  ff f3 0f 10 a4 24 b8 00 00 00 f3 0f 10 ac 24 bc
00002aa0  00 00 00 f3 0f 11 64 24 10 f3 0f 11 6c 24 08 e8
00002ab0  9c 1b 00 00 f2 0f 10 0d 4c 34 00 00 31 c0 f3 0f
00002ac0  10 6c 24 08 66 0f 28 e0 f2 0f 11 44 24 50 f2 0f
00002ad0  5c 44 24 18 f2 0f 5c 64 24 68 f2 0f 5d c8 f2 0f
00002ae0  10 05 52 34 00 00 f2 0f 5a e4 0f 2f 25 27 35 00
00002af0  00 f3 0f 11 64 24 18 f3 0f 10 64 24 10 f2 0f 59
00002b00  c1 0f 96 c0 44 21 f0 89 44 24 64 8b 84 24 8c 04
00002b10  00 00 0b 84 24 0c 04 00 00 f2 0f 5a c0 74 2c 0f
00002b20  28 d0 0f 28 d8 31 d2 f3 0f 59 d5 89 54 24 3c f3
00002b30  0f 59 dc f3 0f 58 54 24 2c f3 0f 58 5c 24 28 f3
00002b40  0f 11 54 24 2c f3 0f 11 5c 24 28 8b 84 24 7c 04
00002b50  00 00 0b 84 24 fc 03 00 00 74 34 0f 28 d0 f3 0f
00002b60  10 7c 24 2c 0f 28 d8 31 c0 f3 0f 59 d5 89 44 24
00002b70  3c f3 0f 59 dc f3 0f 5c fa f3 0f 11 7c 24 2c f3
00002b80  0f 10 7c 24 28 f3 0f 5c fb f3 0f 11 7c 24 28 8b
00002b90  84 24 34 04 00 00 0b 84 24 b4 03 00 00 0f 85 9a
00002ba0  13 00 00 8b 84 24 40 04 00 00 0b 84 24 c0 03 00
00002bb0  00 0f 85 d5 17 00 00 83 7c 24 3c 00 0f 84 d5 13
00002bc0  00 00 f3 0f 10 64 24 18 f3 0f 10 05 4c 34 00 00
00002bd0  f2 0f 11 4c 24 08 f3 0f 59 c4 f3 0f 5c 05 3e 34
00002be0  00 00 f3 0f 11 44 24 28 f3 0f 10 05 34 34 00 00
00002bf0  f3 0f 59 c4 e8 87 f7 ff ff f3 0f 10 35 27 34 00
00002c00  00 f3 0f 59 f0 f3 0f 10 44 24 18 f3 0f 59 05 19
00002c10  34 00 00 f3 0f 11 74 24 2c e8 62 f7 ff ff f3 0f
00002c20  59 05 0a 34 00 00 f3 0f 10 35 06 34 00 00 f3 0f
00002c30  58 f0 f3 0f 10 44 24 18 f3 0f 59 05 f8 33 00 00
00002c40  f3 0f 11 74 24 60 e8 35 f7 ff ff f3 0f 59 05 e9
00002c50  33 00 00 f3 0f 10 35 e5 33 00 00 f3 0f 10 7c 24
00002c60  28 0f 2f 3d 94 33 00 00 f2 0f 10 4c 24 08 f3 0f
00002c70  58 f0 f3 0f 11 74 24 48 0f 87 8c 14 00 00 f3 0f
00002c80  10 3d be 33 00 00 f3 0f 59 7c 24 18 0f 28 c7 e8
00002c90  ec f6 ff ff f3 0f 59 05 ac 33 00 00 f2 0f 10 4c
00002ca0  24 08 f3 0f 11 44 24 4c f3 0f 10 05 9c 33 00 00
00002cb0  f3 0f 10 64 24 2c 0f 28 d0 f3 0f c2 d4 01 0f 54
00002cc0  c2 0f 55 d4 0f 56 d0 f3 0f 11 54 24 2c f3 0f 10
00002cd0  25 2f 33 00 00 f3 0f 10 7c 24 28 0f 2f e7 0f 87
00002ce0  5b 13 00 00 f3 0f 10 05 64 33 00 00 0f 28 d0 f3
00002cf0  0f c2 d7 01 0f 54 c2 0f 55 d7 0f 56 d0 f3 0f 11
00002d00  54 24 28 f3 0f 10 05 39 33 00 00 f2 0f 5a c9 e8
00002d10  7c f3 ff ff f3 0f 59 44 24 48 f3 0f 10 1d 16 35
00002d20  00 00 f3 0f 10 15 2a 33 00 00 f3 0f 10 0d 26 33
00002d30  00 00 f3 0f 11 44 24 48 f3 0f 10 05 1c 33 00 00
00002d40  e8 1b f4 ff ff bf 00 41 00 00 e8 a1 f3 ff ff e8
00002d50  fc f3 ff ff f3 0f 10 64 24 60 f3 0f 10 05 fe 32
00002d60  00 00 66 0f ef db 0f 57 25 83 34 00 00 f3 0f 10
00002d70  0d c3 34 00 00 0f 28 d3 f3 0f 59 c4 f3 0f 5e 05
00002d80  1c 34 00 00 e8 37 f5 ff ff f3 0f 10 25 cf 32 00
00002d90  00 f3 0f 59 64 24 4c 66 0f ef db f3 0f 10 15 95
00002da0  34 00 00 0f 28 cb 0f 28 c4 f3 0f 10 25 af 32 00
00002db0  00 f3 0f 5e 05 e7 33 00 00 f3 0f 5c e0 0f 28 c4
00002dc0  e8 fb f4 ff ff f3 0f 10 7c 24 2c 0f 57 3d 1e 34
00002dd0  00 00 f3 0f 10 0d 8a 32 00 00 f3 0f 10 54 24 28
00002de0  0f 57 15 09 34 00 00 0f 28 c7 e8 31 f4 ff ff 48
00002df0  8b 54 24 78 be 03 12 00 00 0f 28 25 10 34 00 00
00002e00  0f 28 3d 29 34 00 00 bf 00 40 00 00 0f 29 a4 24
00002e10  e0 00 00 00 0f 28 25 05 34 00 00 0f 29 bc 24 00
00002e20  01 00 00 0f 29 a4 24 f0 00 00 00 e8 e0 f4 ff ff
00002e30  be 01 12 00 00 bf 00 40 00 00 48 8b 94 24 80 00
00002e40  00 00 e8 c9 f4 ff ff be 02 12 00 00 bf 00 40 00
00002e50  00 48 8b 94 24 88 00 00 00 e8 b2 f4 ff ff be 03
00002e60  12 00 00 bf 01 40 00 00 0f 28 25 d1 33 00 00 0f
00002e70  28 3d da 33 00 00 48 8b 94 24 90 00 00 00 0f 29
00002e80  a4 24 10 01 00 00 0f 28 25 d3 33 00 00 0f 29 bc
00002e90  24 20 01 00 00 0f 29 a4 24 30 01 00 00 e8 6e f4
00002ea0  ff ff be 01 12 00 00 bf 01 40 00 00 48 8b 94 24
00002eb0  98 00 00 00 e8 57 f4 ff ff be 02 12 00 00 bf 01
00002ec0  40 00 00 48 8b 94 24 a0 00 00 00 e8 40 f4 ff ff
00002ed0  be 08 12 00 00 bf 01 40 00 00 f3 0f 10 05 86 31
00002ee0  00 00 e8 89 f2 ff ff be 09 12 00 00 bf 01 40 00
00002ef0  00 f3 0f 10 05 73 31 00 00 e8 72 f2 ff ff f3 0f
00002f00  10 3d 6a 31 00 00 f3 0f 58 7c 24 28 0f 28 c7 f3
00002f10  0f 5e 05 5d 31 00 00 e8 b4 f2 ff ff f3 0f 59 05
00002f20  50 31 00 00 48 8b 05 15 30 00 00 be 03 12 00 00
00002f30  0f 28 3d 39 33 00 00 0f 28 25 42 33 00 00 bf 02
00002f40  40 00 00 c7 84 24 4c 01 00 00 00 00 80 3f 48 8b
00002f50  94 24 a8 00 00 00 48 89 84 24 40 01 00 00 0f 29
00002f60  bc 24 50 01 00 00 0f 29 a4 24 f0 01 00 00 f3 0f
00002f70  11 84 24 48 01 00 00 e8 94 f3 ff ff be 01 12 00
00002f80  00 bf 02 40 00 00 48 8b 94 24 b0 00 00 00 e8 7d
00002f90  f3 ff ff 48 8b 54 24 30 be 02 12 00 00 bf 02 40
00002fa0  00 00 e8 69 f3 ff ff be 08 12 00 00 bf 02 40 00
00002fb0  00 f3 0f 10 05 bf 30 00 00 e8 b2 f1 ff ff be 09
00002fc0  12 00 00 bf 02 40 00 00 f3 0f 10 05 a8 32 00 00
00002fd0  e8 9b f1 ff ff f3 0f 10 44 24 18 8b 3d 17 52 00
00002fe0  00 ff 15 21 52 00 00 f3 0f 10 44 24 48 8b 3d fd
00002ff0  51 00 00 ff 15 0f 52 00 00 8b 3d ed 51 00 00 f3
00003000  0f 10 0d 75 30 00 00 f3 0f 10 05 71 30 00 00 ff
00003010  15 eb 51 00 00 f3 0f 10 35 67 30 00 00 f3 0f 10
00003020  2d 63 30 00 00 66 0f ef c0 f3 0f 10 25 1f 32 00
00003030  00 f3 0f 10 1d b7 2f 00 00 f3 0f 10 15 f7 31 00
00003040  00 f3 0f 10 0d 43 30 00 00 e8 f2 14 00 00 f3 0f
00003050  10 35 e2 31 00 00 f3 0f 10 2d 32 30 00 00 66 0f
00003060  ef d2 f3 0f 10 25 f6 31 00 00 f3 0f 10 1d 22 30
00003070  00 00 f3 0f 10 0d 1e 30 00 00 f3 0f 10 05 1a 30
00003080  00 00 e8 b9 14 00 00 f3 0f 10 35 a9 31 00 00 f3
00003090  0f 10 2d f9 2f 00 00 66 0f ef d2 f3 0f 10 25 bd
000030a0  31 00 00 f3 0f 10 1d e9 2f 00 00 f3 0f 10 0d e5
000030b0  2f 00 00 f3 0f 10 05 b9 2f 00 00 e8 80 14 00 00
000030c0  f3 0f 10 35 70 31 00 00 f3 0f 10 2d d0 2f 00 00
000030d0  66 0f ef c0 f3 0f 10 25 c8 2f 00 00 f3 0f 10 1d
000030e0  c4 2f 00 00 f3 0f 10 15 c0 2f 00 00 f3 0f 10 0d
000030f0  bc 2f 00 00 e8 47 14 00 00 f3 0f 10 35 37 31 00
00003100  00 f3 0f 10 2d 87 2f 00 00 66 0f ef d2 f3 0f 10
00003110  25 9f 2f 00 00 f3 0f 10 1d 23 2f 00 00 f3 0f 10
00003120  0d fb 30 00 00 f3 0f 10 05 8b 2f 00 00 e8 0e 14
00003130  00 00 f3 0f 10 35 fe 30 00 00 f3 0f 10 2d 4e 2f
00003140  00 00 66 0f ef d2 f3 0f 10 25 66 2f 00 00 f3 0f
00003150  10 1d ea 2e 00 00 f3 0f 10 0d c2 30 00 00 f3 0f
00003160  10 05 56 2f 00 00 e8 d5 13 00 00 f3 0f 10 35 c5
00003170  30 00 00 f3 0f 10 2d 15 2f 00 00 66 0f ef d2 f3
00003180  0f 10 25 cd 30 00 00 f3 0f 10 1d b1 2e 00 00 f3
00003190  0f 10 0d 29 2f 00 00 f3 0f 10 05 19 2f 00 00 e8
000031a0  9c 13 00 00 f3 0f 10 35 8c 30 00 00 f3 0f 10 2d
000031b0  dc 2e 00 00 66 0f ef d2 f3 0f 10 25 94 30 00 00
000031c0  f3 0f 10 1d 78 2e 00 00 f3 0f 10 0d f0 2e 00 00
000031d0  f3 0f 10 05 e4 2e 00 00 e8 63 13 00 00 45 31 f6
000031e0  e9 85 00 00 00 0f 1f 00 0f 28 ca f3 0f 10 2d dd
000031f0  2e 00 00 f3 0f 10 25 a5 2f 00 00 be 07 00 00 00
00003200  f3 0f 10 1d 9c 2e 00 00 bf 14 00 00 00 41 83 c6
00003210  01 f3 0f 10 15 27 2d 00 00 f3 0f 10 05 c3 2e 00
00003220  00 e8 1a 17 00 00 f3 0f 10 4c 24 08 f3 0f 10 35
00003230  9c 2e 00 00 66 0f ef c0 f3 0f 10 2d 98 2e 00 00
00003240  f3 0f 10 25 30 2e 00 00 0f 28 d1 f3 0f 10 1d 95
00003250  2e 00 00 f3 0f 10 0d 91 2e 00 00 e8 e0 12 00 00
00003260  41 83 fe 06 0f 84 51 02 00 00 66 0f ef c9 41 bd
00003270  ff ff ff ff f3 41 0f 2a ce f3 0f 59 0d f3 2d 00
00003280  00 f3 0f 5c 0d 97 2d 00 00 0f 28 d1 66 0f ef c0
00003290  f3 0f 10 2d a0 2f 00 00 f3 0f 10 25 24 2e 00 00
000032a0  66 0f ef ff f2 41 0f 2a c5 f2 0f 59 05 97 2c 00
000032b0  00 f3 0f 10 1d 0f 2e 00 00 f3 0f 11 54 24 08 f3
000032c0  0f 10 0d 05 2e 00 00 f2 0f 5a f8 0f 28 c7 66 0f
000032d0  7e fb e8 c9 18 00 00 f3 0f 10 54 24 08 66 0f 6e
000032e0  c3 f3 0f 10 2d e7 2d 00 00 f3 0f 10 25 4b 2d 00
000032f0  00 f3 0f 10 1d 2f 2f 00 00 f3 0f 10 0d d3 2d 00
00003300  00 e8 9a 18 00 00 f3 0f 10 54 24 08 66 0f 6e c3
00003310  f3 0f 10 2d b8 2d 00 00 f3 0f 10 25 b8 2d 00 00
00003320  f3 0f 10 1d 00 2d 00 00 f3 0f 10 0d ac 2d 00 00
00003330  e8 6b 18 00 00 f3 0f 10 54 24 08 f3 0f 10 25 31
00003340  2d 00 00 bf 0a 00 00 00 f3 0f 10 1d 90 2d 00 00
00003350  f3 0f 10 0d ec 2b 00 00 66 0f 6e c3 e8 2f 13 00
00003360  00 41 83 fd ff f3 0f 10 54 24 08 0f 85 77 fe ff
00003370  ff 41 bd 01 00 00 00 e9 10 ff ff ff b9 02 00 00
00003380  00 48 81 c4 b8 22 00 00 89 c8 5b 5d 41 5c 41 5d
00003390  41 5e 41 5f c3 48 8b 0d 44 4e 00 00 ba 14 00 00
000033a0  00 be 01 00 00 00 48 8d 3d 65 1c 00 00 e8 be ef
000033b0  ff ff b9 01 00 00 00 eb c8 48 8b 3d 20 4e 00 00
000033c0  48 8d 15 ac 1c 00 00 48 8d 35 68 1c 00 00 e8 bd
000033d0  ef ff ff b9 03 00 00 00 eb a7 31 ff 48 8d ac 24
000033e0  b0 02 00 00 be ff 1f 00 00 48 89 e9 89 bc 24 f0
000033f0  01 00 00 48 8d 94 24 f0 01 00 00 89 df ff 15 1d
00003400  4e 00 00 48 63 84 24 f0 01 00 00 48 89 ea 48 8b
00003410  3d cb 4d 00 00 48 8d 35 fe 1c 00 00 c6 84 04 b0
00003420  02 00 00 00 31 c0 e8 65 ef ff ff b9 04 00 00 00
00003430  e9 4c ff ff ff 0f 1f 00 41 83 fd 02 48 8b 7c 24
00003440  30 41 0f 94 c7 31 f6 e8 e4 eb ff ff 48 3d ff 00
00003450  00 00 77 2d 45 0f b6 ff 44 89 bc 84 b0 02 00 00
00003460  41 83 fd 02 0f 85 76 f5 ff ff 48 89 c2 48 83 e2
00003470  df 48 83 fa 50 75 27 83 74 24 3c 01 e9 5f f5 ff
00003480  ff 48 3d 1b ff 00 00 0f 85 53 f5 ff ff 45 84 ff
00003490  0f 84 4a f5 ff ff 45 31 f6 e9 42 f5 ff ff 48 83
000034a0  f8 20 0f 85 38 f5 ff ff 31 c9 c7 44 24 48 00 00
000034b0  80 3f 89 4c 24 3c e9 25 f5 ff ff f3 0f 10 25 2d
000034c0  2c 00 00 f3 0f 10 35 05 2c 00 00 31 db f3 0f 10
000034d0  2d cb 2b 00 00 f3 0f 10 15 cf 2b 00 00 f3 0f 10
000034e0  0d 43 2d 00 00 f3 0f 10 05 07 2c 00 00 0f 28 dc
000034f0  e8 4b 10 00 00 f3 0f 10 25 f3 2b 00 00 f3 0f 10
00003500  35 cb 2b 00 00 f3 0f 10 2d 93 2b 00 00 f3 0f 10
00003510  15 97 2b 00 00 f3 0f 10 0d 0b 2d 00 00 f3 0f 10
00003520  05 d3 2b 00 00 0f 28 dc e8 13 10 00 00 0f 1f 00
00003530  66 0f ef d2 f3 0f 10 2d 2c 2b 00 00 f3 0f 10 35
00003540  8c 2b 00 00 f2 0f 2a d3 f2 0f 59 15 00 2a 00 00
00003550  f3 0f 10 25 d0 2a 00 00 83 c3 01 f2 0f 5c 15 f5
00003560  29 00 00 f3 0f 10 0d 91 2b 00 00 0f 28 dd f3 0f
00003570  10 05 7e 2b 00 00 f2 0f 5a d2 f3 0f 11 54 24 08
00003580  e8 bb 0f 00 00 f3 0f 10 2d db 2a 00 00 f3 0f 10
00003590  35 3b 2b 00 00 f3 0f 10 25 8b 2a 00 00 f3 0f 10
000035a0  54 24 08 f3 0f 10 0d 51 2b 00 00 f3 0f 10 05 45
000035b0  2b 00 00 0f 28 dd e8 85 0f 00 00 83 fb 0c 0f 85
000035c0  6c ff ff ff 31 db 66 0f ef c9 f2 0f 10 05 8e 29
000035d0  00 00 f2 0f 10 15 96 29 00 00 f2 0f 2a cb f2 0f
000035e0  10 1d 82 29 00 00 83 c3 01 f3 0f 10 35 47 2c 00
000035f0  00 f3 0f 10 25 43 2a 00 00 0f 28 ee f2 0f 59 c1
00003600  f2 0f 59 d1 f2 0f 59 0d 74 29 00 00 f2 0f 58 15
00003610  64 29 00 00 f2 0f 58 0d 6c 29 00 00 f2 0f 5c d8
00003620  66 0f ef c0 f2 0f 5a d2 f2 0f 5a c9 f2 0f 5a db
00003630  e8 0b 0f 00 00 83 fb 04 75 8c f3 0f 10 35 f6 2b
00003640  00 00 f3 0f 10 2d 26 2c 00 00 66 0f ef c0 31 db
00003650  f3 0f 10 25 d8 2b 00 00 f3 0f 10 1d a0 2a 00 00
00003660  f3 0f 10 15 9c 2a 00 00 f3 0f 10 0d a4 2b 00 00
00003670  e8 cb 0e 00 00 f3 0f 10 2d 53 2a 00 00 f3 0f 10
00003680  25 5b 2b 00 00 be 0a 00 00 00 f3 0f 10 1d e2 2b
00003690  00 00 f3 0f 10 15 32 2a 00 00 bf 28 00 00 00 f3
000036a0  0f 10 0d a1 2b 00 00 f3 0f 10 05 95 2b 00 00 e8
000036b0  8c 12 00 00 bf e2 0b 00 00 e8 b2 e9 ff ff be 01
000036c0  00 00 00 bf 02 03 00 00 e8 f3 ea ff ff 31 ff e8
000036d0  3c eb ff ff f3 0f 10 05 2c 2a 00 00 8b 3d 12 4b
000036e0  00 00 ff 15 20 4b 00 00 bf 06 00 00 00 e8 0e ec
000036f0  ff ff f3 0f 10 15 e6 28 00 00 66 0f ef c9 0f 28
00003700  c1 e8 3a e9 ff ff f3 0f 10 0d e6 28 00 00 0f 28
00003710  c1 e8 9a ea ff ff f3 0f 10 15 ee 29 00 00 66 0f
00003720  ef c0 f3 0f 10 0d 1a 2b 00 00 e8 f1 eb ff ff 90
00003730  66 0f ef c0 48 89 ee 4c 89 e7 f3 0f 2a c3 f3 0f
00003740  59 05 9a 2a 00 00 83 c3 01 f3 0f 59 05 bf 29 00
00003750  00 e8 2a e9 ff ff 66 0f ef c9 66 0f ef c0 f3 0f
00003760  10 9c 24 b8 00 00 00 f3 0f 10 94 24 bc 00 00 00
00003770  f3 0f 5a c3 f2 0f 59 05 74 27 00 00 f3 0f 11 5c
00003780  24 08 f3 0f 5a ca f2 0f 59 0d 62 27 00 00 f2 0f
00003790  58 05 5a 27 00 00 f3 0f 11 54 24 10 f2 0f 58 0d
000037a0  4c 27 00 00 f2 0f 5a c0 f2 0f 5a c9 e8 ff e9 ff
000037b0  ff f3 0f 10 54 24 10 f3 0f 59 15 55 29 00 00 f3
000037c0  0f 10 05 4d 29 00 00 f3 0f 10 5c 24 08 66 0f ef
000037d0  c9 f3 0f 59 c3 f3 0f 5a ca f2 0f 58 0d 87 27 00
000037e0  00 f3 0f 10 15 23 29 00 00 f2 0f 5a c9 e8 2e eb
000037f0  ff ff 83 fb 41 0f 85 35 ff ff ff e8 50 e8 ff ff
00003800  31 db 66 0f ef c0 f2 0f 10 15 82 27 00 00 f2 0f
00003810  10 0d 92 27 00 00 be 06 00 00 00 f2 0f 2a c3 bf
00003820  30 00 00 00 83 c3 01 f3 0f 10 2d 81 29 00 00 f3
00003830  0f 10 25 a9 29 00 00 f3 0f 10 1d d9 28 00 00 f2
00003840  0f 59 d0 f2 0f 59 05 55 27 00 00 f2 0f 58 15 45
00003850  27 00 00 f2 0f 5a d2 f2 0f 5c c8 f3 0f 10 05 e1
00003860  29 00 00 f2 0f 5a c9 e8 d4 10 00 00 83 fb 03 75
00003870  91 bf 01 00 00 00 31 db e8 93 e9 ff ff be 03 03
00003880  00 00 bf 02 03 00 00 e8 34 e9 ff ff f3 0f 10 7c
00003890  24 18 66 0f ef c0 f3 0f 5a c7 f2 0f 59 05 0e 27
000038a0  00 00 0f 28 e7 f3 0f 58 e7 f3 0f 11 64 24 38 f2
000038b0  0f 11 44 24 20 66 66 2e 0f 1f 84 00 00 00 00 00
000038c0  66 0f ef d2 f3 0f 10 05 14 29 00 00 48 89 ee 4c
000038d0  89 e7 f3 0f 2a d3 83 c3 01 f3 0f 59 c2 f3 0f 11
000038e0  54 24 10 f3 0f 59 05 31 28 00 00 f3 0f 5a c0 f2
000038f0  0f 58 44 24 20 f2 0f 5a c0 f3 0f 11 44 24 08 e8
00003900  7c e7 ff ff f3 0f 10 44 24 08 f3 0f 58 c0 e8 6d
00003910  ea ff ff f3 0f 10 54 24 10 f3 0f 58 54 24 38 f3
00003920  0f 11 44 24 08 0f 28 c2 e8 53 ea ff ff 66 0f ef
00003930  db f3 0f 10 4c 24 08 66 0f ef d2 f3 0f 5a d8 66
00003940  0f ef c0 bf 08 00 00 00 f3 0f 5a 94 24 bc 00 00
00003950  00 f3 0f 5a 84 24 b8 00 00 00 f2 0f 59 05 66 26
00003960  00 00 f3 0f 5a c9 f3 0f 10 25 42 28 00 00 f2 0f
00003970  59 1d 42 26 00 00 f2 0f 59 15 4a 26 00 00 f2 0f
00003980  58 1d 3a 26 00 00 f2 0f 59 0d 4a 26 00 00 f2 0f
00003990  58 15 3a 26 00 00 f2 0f 58 0d ca 25 00 00 f2 0f
000039a0  5a c0 f2 0f 5a db f2 0f 5a d2 f2 0f 5a c9 e8 dd
000039b0  0c 00 00 83 fb 08 0f 85 04 ff ff ff 8b 3d 32 48
000039c0  00 00 f3 0f 10 05 56 27 00 00 45 31 f6 ff 15 35
000039d0  48 00 00 f3 0f 10 05 45 27 00 00 e8 70 e8 ff ff
000039e0  31 ff e8 19 e9 ff ff 66 0f 1f 84 00 00 00 00 00
000039f0  66 0f ef db f3 0f 10 15 28 27 00 00 f3 0f 10 05
00003a00  24 27 00 00 f3 41 0f 2a de f3 0f 10 3d 1b 27 00
00003a10  00 d9 05 19 27 00 00 f3 0f 59 d3 f3 0f 59 c3 f3
00003a20  0f 58 15 15 26 00 00 f3 0f 59 fb f3 0f 59 54 24
00003a30  18 f3 0f 11 7c 24 08 d9 44 24 08 f3 0f 58 d0 d9
00003a40  f8 df e0 f6 c4 04 75 f7 dd d9 d9 5c 24 10 f3 0f
00003a50  10 64 24 10 0f 2e e4 0f 8a da 07 00 00 f3 0f 10
00003a60  05 cf 26 00 00 f3 0f 58 25 8b 26 00 00 f3 0f 11
00003a70  5c 24 08 f3 0f 11 54 24 20 f3 0f 59 c2 f3 0f 11
00003a80  64 24 10 e8 f8 e8 ff ff f3 0f 10 5c 24 08 f3 0f
00003a90  59 1d a6 26 00 00 f3 0f 59 05 9a 26 00 00 d9 e8
00003aa0  f3 0f 10 54 24 20 f3 0f 58 05 96 27 00 00 f3 0f
00003ab0  11 5c 24 08 d9 44 24 08 66 0f 7e c3 d9 f8 df e0
00003ac0  f6 c4 04 75 f7 dd d9 d9 5c 24 20 f3 0f 10 74 24
00003ad0  20 0f 2e f6 0f 8a 39 07 00 00 48 89 ee 4c 89 e7
00003ae0  0f 28 c2 41 83 c6 01 e8 94 e5 ff ff f3 0f 10 35
00003af0  4c 26 00 00 f3 0f 59 74 24 20 f3 0f 10 1d 42 26
00003b00  00 00 f3 0f 10 15 3e 26 00 00 f3 0f 10 0d 3a 26
00003b10  00 00 44 8b ac 24 bc 00 00 00 f3 0f 10 84 24 b8
00003b20  00 00 00 f3 0f 11 44 24 08 f3 0f 10 05 0b 25 00
00003b30  00 f3 0f 58 c6 e8 56 e7 ff ff f3 0f 10 6c 24 10
00003b40  f3 0f 10 44 24 08 66 41 0f 6e d5 66 0f 6e cb f3
00003b50  0f 59 c5 f3 0f 59 d5 f3 0f 58 15 e9 26 00 00 e8
00003b60  bc e7 ff ff 41 81 fe b4 00 00 00 0f 85 7f fe ff
00003b70  ff e8 da e4 ff ff bf 71 0b 00 00 41 bd 05 4b 56
00003b80  ac e8 5a e5 ff ff 8b 3d 68 46 00 00 f3 0f 10 05
00003b90  8c 25 00 00 ff 15 6e 46 00 00 f3 0f 10 05 2e 25
00003ba0  00 00 e8 a9 e6 ff ff 31 ff e8 52 e7 ff ff 66 90
00003bb0  44 89 e8 66 0f ef c0 f3 0f 10 1d 95 26 00 00 f3
00003bc0  0f 10 15 71 26 00 00 c1 e8 10 f3 0f 10 0d 56 24
00003bd0  00 00 44 31 e8 41 81 c5 b5 77 92 2c 69 c0 77 ca
00003be0  eb 85 89 c2 c1 ea 0d 31 d0 89 c2 81 e2 ff 03 00
00003bf0  00 f3 0f 2a c2 f3 0f 5e 05 53 25 00 00 89 c2 f3
00003c00  0f 5c 05 ed 23 00 00 f3 0f 59 05 45 25 00 00 c1
00003c10  ea 0a 81 e2 ff 03 00 00 c1 e8 14 25 ff 03 00 00
00003c20  66 0f 7e c3 66 0f ef c0 f3 0f 2a c2 f3 0f 5e 05
00003c30  1c 25 00 00 f3 0f 59 05 dc 23 00 00 f3 0f 58 05
00003c40  14 25 00 00 66 41 0f 7e c6 66 0f ef c0 f3 0f 2a
00003c50  c0 f3 0f 5e 05 f7 24 00 00 f3 0f 5c 05 93 23 00
00003c60  00 f3 0f 59 05 eb 24 00 00 f3 0f 11 44 24 08 f3
00003c70  0f 10 05 a9 25 00 00 e8 14 e6 ff ff f3 0f 10 54
00003c80  24 08 66 41 0f 6e ce 66 0f 6e c3 e8 90 e6 ff ff
00003c90  41 81 fd f9 af a2 cc 0f 85 13 ff ff ff e8 ae e3
00003ca0  ff ff bf 71 0b 00 00 e8 c4 e3 ff ff bf e2 0b 00
00003cb0  00 e8 ba e3 ff ff be 01 00 00 00 bf 02 03 00 00
00003cc0  e8 fb e4 ff ff 8b 3d 29 45 00 00 f3 0f 10 05 89
00003cd0  24 00 00 ff 15 2f 45 00 00 f3 0f 10 05 57 25 00
00003ce0  00 e8 ba e3 ff ff bf 01 00 00 00 e8 10 e6 ff ff
00003cf0  66 0f ef ff f3 0f 10 05 64 24 00 00 f3 41 0f 2a
00003d00  ff f3 0f 59 c7 f3 0f 11 7c 24 08 e8 70 e6 ff ff
00003d10  f3 0f 59 05 4c 24 00 00 d9 e8 f3 0f 11 44 24 10
00003d20  d9 44 24 10 d9 f8 df e0 f6 c4 04 75 f7 dd d9 d9
00003d30  5c 24 20 f3 0f 10 5c 24 20 0f 2e db 0f 8a b3 04
00003d40  00 00 0f 28 c3 66 0f ef ff 0f 28 cb f3 0f c2 c7
00003d50  01 0f 57 0d 98 24 00 00 0f 54 c8 0f 55 c3 0f 28
00003d60  d8 0f 56 d9 f3 0f 10 05 fc 23 00 00 f3 0f 59 44
00003d70  24 08 f3 0f 11 5c 24 20 e8 03 e6 ff ff f3 0f 59
00003d80  05 e7 23 00 00 f3 0f 10 5c 24 20 d9 e8 f3 0f 11
00003d90  44 24 10 d9 44 24 10 d9 f8 df e0 f6 c4 04 75 f7
00003da0  dd d9 d9 5c 24 20 f3 0f 10 54 24 20 0f 2e d2 0f
00003db0  8a 10 04 00 00 0f 28 c2 66 0f ef f6 0f 28 ca f3
00003dc0  0f c2 c6 01 0f 57 0d 25 24 00 00 0f 54 c8 0f 55
00003dd0  c2 0f 28 d0 0f 56 d1 f3 0f 10 05 99 23 00 00 f3
00003de0  0f 10 0d 95 23 00 00 f3 0f 59 44 24 08 f3 0f 5c
00003df0  1d ff 21 00 00 f3 0f 59 4c 24 18 f3 0f 5c 15 f1
00003e00  21 00 00 f3 0f 59 1d 65 23 00 00 d9 05 4b 23 00
00003e10  00 f3 0f 59 15 5b 23 00 00 f3 0f 58 5c 24 2c f3
00003e20  0f 58 54 24 28 f3 0f 5c c1 66 0f 7e db f3 0f 11
00003e30  54 24 10 f3 0f 11 44 24 08 d9 44 24 08 d9 f8 df
00003e40  e0 f6 c4 04 75 f7 dd d9 d9 5c 24 20 f3 0f 10 64
00003e50  24 20 0f 2e e4 0f 8a 2d 03 00 00 66 0f ef ed 0f
00003e60  2f ec 76 08 f3 0f 58 25 f0 22 00 00 f3 0f 10 1d
00003e70  a4 23 00 00 f3 0f 11 64 24 08 41 83 c7 01 f3 0f
00003e80  10 15 a2 23 00 00 f3 0f 10 0d 92 23 00 00 0f 28
00003e90  c3 e8 fa e3 ff ff f3 0f 10 64 24 08 f3 0f 10 54
00003ea0  24 10 66 0f 6e c3 f3 0f 10 0d 8a 23 00 00 f3 0f
00003eb0  58 cc e8 69 e4 ff ff f3 0f 10 64 24 08 66 0f 6e
00003ec0  c3 f3 0f 10 0d 97 23 00 00 f3 0f 10 35 af 22 00
00003ed0  00 f3 0f 58 74 24 10 f3 0f 5c 05 71 23 00 00 f3
00003ee0  0f 58 cc 0f 28 d6 e8 35 e4 ff ff 41 81 ff 18 01
00003ef0  00 00 0f 85 f8 fd ff ff e8 53 e1 ff ff be 03 03
00003f00  00 00 bf 02 03 00 00 e8 b4 e2 ff ff 48 8b 74 24
00003f10  40 48 8b 7c 24 58 e8 85 e2 ff ff 48 83 44 24 70
00003f20  01 83 7c 24 64 00 0f 84 20 01 00 00 f2 0f 10 7c
00003f30  24 50 f2 0f 11 7c 24 18 e9 92 ea ff ff f3 0f 59
00003f40  e0 0f 28 d0 8b 84 24 40 04 00 00 0b 84 24 c0 03
00003f50  00 00 f3 0f 59 d5 0f 28 dc f3 0f 10 64 24 2c f3
00003f60  0f 5c e3 f3 0f 11 64 24 2c f3 0f 10 64 24 28 f3
00003f70  0f 58 e2 f3 0f 11 64 24 28 74 1c f3 0f 10 7c 24
00003f80  28 f3 0f 58 5c 24 2c f3 0f 5c fa f3 0f 11 5c 24
00003f90  2c f3 0f 11 7c 24 28 f3 0f 10 05 61 20 00 00 0f
00003fa0  2f 44 24 2c c7 44 24 3c 00 00 00 00 0f 86 f6 ec
00003fb0  ff ff f3 0f 11 44 24 2c e9 10 ed ff ff 66 0f ef
00003fc0  c0 f3 0f 10 54 24 60 f3 0f 2a c2 f3 0f 59 05 3d
00003fd0  20 00 00 f3 0f 58 44 24 4c f3 0f 11 44 24 4c 66
00003fe0  0f ef c0 f3 0f 2a c0 f3 0f 59 05 25 20 00 00 f3
00003ff0  0f 5c d0 f3 0f 10 05 19 22 00 00 0f 28 c8 f3 0f
00004000  c2 ca 01 0f 54 c1 0f 55 ca 0f 56 c8 66 0f ef c0
00004010  f3 0f 5a c1 f3 0f 11 4c 24 60 f2 0f 10 0d 0e 1f
00004020  00 00 66 0f 2f c8 0f 86 16 ea ff ff f3 0f 10 25
00004030  c4 1f 00 00 f3 0f 11 64 24 60 e9 03 ea ff ff c7
00004040  44 24 28 00 00 90 c1 e9 b7 ec ff ff 48 8b 54 24
00004050  70 8b 4c 24 64 48 89 54 24 10 89 4c 24 08 e8 ed
00004060  05 00 00 48 8b 54 24 10 8b 4c 24 08 f2 0f 5c 44
00004070  24 68 48 85 d2 0f 88 f8 01 00 00 66 0f ef c9 f2
00004080  48 0f 2a ca f2 0f 5e c8 48 8b 3d 51 41 00 00 48
00004090  8d 35 8a 1c 00 00 b8 02 00 00 00 89 4c 24 08 e8
000040a0  ec e2 ff ff 8b 4c 24 08 e9 d4 f2 ff ff 48 8b 3d
000040b0  2c 41 00 00 48 8d 15 6e 0f 00 00 48 8d 35 74 0f
000040c0  00 00 e8 c9 e2 ff ff e9 07 f3 ff ff 48 8b 3d 0d
000040d0  41 00 00 48 8d 15 6c 0f 00 00 48 8d 35 55 0f 00
000040e0  00 e8 aa e2 ff ff e9 e8 f2 ff ff 48 8b 3d ee 40
000040f0  00 00 48 8d 15 5c 0f 00 00 48 8d 35 36 0f 00 00
00004100  e8 8b e2 ff ff e9 c9 f2 ff ff f3 0f 10 05 06 21
00004110  00 00 f3 0f 59 44 24 18 f2 0f 11 4c 24 08 e8 5d
00004120  e2 ff ff f3 0f 59 05 49 21 00 00 f3 0f 10 25 c9
00004130  1e 00 00 f2 0f 10 4c 24 08 f3 0f 11 64 24 28 f3
00004140  0f 11 44 24 4c e9 5e eb ff ff 48 8b 3d 8f 40 00
00004150  00 48 8d 15 0d 0f 00 00 48 8d 35 d7 0e 00 00 e8
00004160  2c e2 ff ff e9 6a f2 ff ff 48 8b 3d 70 40 00 00
00004170  48 8d 15 0f 0f 00 00 48 8d 35 b8 0e 00 00 e8 0d
00004180  e2 ff ff e9 4b f2 ff ff f3 0f 10 0d cc 1f 00 00
00004190  f3 0f 10 44 24 08 e8 95 e0 ff ff f3 0f 10 64 24
000041a0  20 e9 c6 fc ff ff 48 8b 3d 33 40 00 00 48 8d 15
000041b0  e2 0e 00 00 48 8d 35 7b 0e 00 00 e8 d0 e1 ff ff
000041c0  e9 0e f2 ff ff f3 0f 10 0d 6b 20 00 00 f3 0f 10
000041d0  44 24 10 f3 0f 11 54 24 38 f3 0f 11 5c 24 20 e8
000041e0  4c e0 ff ff f3 0f 10 5c 24 20 f3 0f 10 54 24 38
000041f0  e9 e2 fb ff ff f3 0f 10 0d 3b 20 00 00 f3 0f 10
00004200  44 24 10 e8 28 e0 ff ff f3 0f 10 5c 24 20 e9 51
00004210  fb ff ff f3 0f 10 0d 1d 20 00 00 f3 0f 10 44 24
00004220  08 f3 0f 11 54 24 38 e8 04 e0 ff ff f3 0f 10 54
00004230  24 38 e9 a3 f8 ff ff f3 0f 10 0d f1 1e 00 00 f3
00004240  0f 10 44 24 08 f3 0f 11 64 24 38 f3 0f 11 54 24
00004250  20 f3 0f 11 5c 24 10 e8 d4 df ff ff f3 0f 10 64
00004260  24 38 f3 0f 10 54 24 20 f3 0f 10 5c 24 10 e9 ea
00004270  f7 ff ff 48 89 d0 48 89 d6 66 0f ef c9 48 d1 e8
00004280  83 e6 01 48 09 f0 f2 48 0f 2a c8 f2 0f 58 c9 e9
00004290  f0 fd ff ff 48 8b 3d 45 3f 00 00 48 8d 15 03 0e
000042a0  00 00 48 8d 35 8d 0d 00 00 e8 e2 e0 ff ff e9 20
000042b0  f1 ff ff 48 8b 3d 26 3f 00 00 48 8d 15 f2 0d 00
000042c0  00 48 8d 35 6e 0d 00 00 e8 c3 e0 ff ff e9 01 f1
000042d0  ff ff 48 8b 3d 07 3f 00 00 48 8d 15 e2 0d 00 00
000042e0  48 8d 35 4f 0d 00 00 e8 a4 e0 ff ff e9 e2 f0 ff
000042f0  ff 48 8b 3d e8 3e 00 00 48 8d 15 e4 0d 00 00 48
00004300  8d 35 30 0d 00 00 e8 85 e0 ff ff e9 c3 f0 ff ff
00004310  48 8b 3d c9 3e 00 00 48 8d 15 b8 0d 00 00 48 8d
00004320  35 11 0d 00 00 e8 66 e0 ff ff e9 a4 f0 ff ff 48
00004330  8b 3d aa 3e 00 00 48 8d 15 d3 0d 00 00 48 8d 35
00004340  f2 0c 00 00 e8 47 e0 ff ff e9 85 f0 ff ff 48 8b
00004350  3d 8b 3e 00 00 48 8d 15 a8 0d 00 00 48 8d 35 d3
00004360  0c 00 00 e8 28 e0 ff ff e9 66 f0 ff ff 48 8b 3d
00004370  6c 3e 00 00 48 8d 15 7d 0d 00 00 48 8d 35 b4 0c
00004380  00 00 e8 09 e0 ff ff e9 47 f0 ff ff f3 0f 59 e8
00004390  0f 28 d8 f3 0f 59 dc 0f 28 d5 e9 dc fb ff ff 90
000043a0  31 ed 49 89 d1 5e 48 89 e2 48 83 e4 f0 50 54 45
000043b0  31 c0 31 c9 48 8d 3d 05 e0 ff ff ff 15 1f 3c 00
000043c0  00 f4 66 2e 0f 1f 84 00 00 00 00 00 0f 1f 40 00
000043d0  48 8d 3d f1 3d 00 00 48 8d 05 ea 3d 00 00 48 39
000043e0  f8 74 15 48 8b 05 de 3b 00 00 48 85 c0 74 09 ff
000043f0  e0 0f 1f 80 00 00 00 00 c3 0f 1f 80 00 00 00 00
00004400  48 8d 3d c1 3d 00 00 48 8d 35 ba 3d 00 00 48 29
00004410  fe 48 89 f0 48 c1 ee 3f 48 c1 f8 03 48 01 c6 48
00004420  d1 fe 74 14 48 8b 05 a5 3b 00 00 48 85 c0 74 08
00004430  ff e0 66 0f 1f 44 00 00 c3 0f 1f 80 00 00 00 00
00004440  f3 0f 1e fa 80 3d 9d 3d 00 00 00 75 2b 55 48 83
00004450  3d 82 3b 00 00 00 48 89 e5 74 0c 48 8b 3d 5e 3d
00004460  00 00 e8 49 df ff ff e8 64 ff ff ff c6 05 75 3d
00004470  00 00 01 5d c3 0f 1f 00 c3 0f 1f 80 00 00 00 00
00004480  f3 0f 1e fa e9 77 ff ff ff 0f 1f 80 00 00 00 00
00004490  55 53 48 81 ec 28 20 00 00 48 89 74 24 08 ff 15
000044a0  c4 3d 00 00 48 8d 54 24 08 31 c9 be 01 00 00 00
000044b0  89 c3 89 c7 ff 15 a6 3d 00 00 89 df ff 15 96 3d
000044c0  00 00 48 8d 54 24 18 be 81 8b 00 00 89 df c7 44
000044d0  24 18 00 00 00 00 ff 15 74 3d 00 00 8b 54 24 18
000044e0  85 d2 74 0c 48 81 c4 28 20 00 00 89 d8 5b 5d c3
000044f0  31 c0 48 8d 6c 24 20 48 8d 54 24 1c 89 df 89 44
00004500  24 1c 48 89 e9 be ff 1f 00 00 ff 15 38 3d 00 00
00004510  48 63 44 24 1c 48 89 ea 48 8b 3d c1 3c 00 00 48
00004520  8d 35 da 0a 00 00 c6 44 04 20 00 31 c0 e8 5e de
00004530  ff ff bf 04 00 00 00 e8 c4 db ff ff 0f 1f 40 00
00004540  41 57 41 56 4c 8d 35 15 18 00 00 41 55 66 41 0f
00004550  7e c5 0f 28 c6 41 54 66 41 0f 7e ec 55 66 0f 7e
00004560  e5 53 66 0f 7e db 48 83 ec 18 8b 3d 84 3c 00 00
00004570  f3 0f 11 4c 24 0c f3 0f 11 54 24 08 ff 15 86 3c
00004580  00 00 e8 b9 dd ff ff f3 0f 10 54 24 08 f3 0f 10
00004590  4c 24 0c 66 41 0f 6e c5 4c 8d 2d 01 19 00 00 e8
000045a0  7c dc ff ff 66 41 0f 6e d4 66 0f 6e cd 66 0f 6e
000045b0  c3 e8 ba dc ff ff 4c 8d 25 e3 18 00 00 bf 07 00
000045c0  00 00 e8 39 dd ff ff 4d 8d 7c 24 48 0f 1f 40 00
000045d0  f3 41 0f 10 04 24 f3 41 0f 10 54 24 08 4c 89 f3
000045e0  48 8d 2d 99 18 00 00 f3 41 0f 10 4c 24 04 e8 4d
000045f0  da ff ff f3 0f 10 45 00 f3 0f 10 4d 04 48 83 c5
00004600  08 48 83 c3 0c e8 a6 db ff ff f3 0f 10 43 f4 f3
00004610  0f 10 53 fc f3 0f 10 4b f8 e8 02 dd ff ff 4c 39
00004620  ed 75 d0 49 83 c4 0c 49 83 c6 30 4d 39 fc 75 a0
00004630  e8 1b da ff ff 48 83 c4 18 5b 5d 41 5c 41 5d 41
00004640  5e 41 5f e9 08 dd ff ff 0f 1f 84 00 00 00 00 00
00004650  48 83 ec 18 bf 01 00 00 00 48 89 e6 e8 5f da ff
00004660  ff 66 0f ef c0 66 0f ef c9 f2 48 0f 2a 44 24 08
00004670  f2 0f 59 05 70 18 00 00 f2 48 0f 2a 0c 24 48 83
00004680  c4 18 f2 0f 58 c1 c3 66 0f 1f 84 00 00 00 00 00
00004690  41 57 41 89 ff 41 56 41 55 41 54 55 53 66 0f 7e
000046a0  c3 0f 28 c4 48 81 ec 88 00 00 00 f3 0f 11 5c 24
000046b0  18 4c 8d 6c 24 70 4c 8d 64 24 5c f3 0f 11 4c 24
000046c0  04 48 8d 6c 24 58 f3 0f 11 14 24 89 7c 24 44 8b
000046d0  3d 1f 3b 00 00 ff 15 2d 3b 00 00 e8 60 dc ff ff
000046e0  f3 0f 10 14 24 f3 0f 10 4c 24 04 66 0f 6e c3 e8
000046f0  2c db ff ff bf 07 00 00 00 e8 02 dc ff ff 66 0f
00004700  ef c0 48 8d 54 24 60 31 c0 f3 41 0f 2a c7 f3 0f
00004710  10 25 ca 18 00 00 48 89 54 24 48 f3 0f 11 64 24
00004720  40 f3 0f 10 25 bb 18 00 00 0f 28 f0 f3 0f 11 64
00004730  24 1c 0f c6 f6 00 0f 29 74 24 30 0f 1f 44 00 00
00004740  66 0f 6e f0 8d 58 01 45 31 f6 66 0f 70 d6 00 66
00004750  0f fe 15 39 1a 00 00 89 5c 24 50 44 89 f3 0f 5b
00004760  d2 0f 59 15 38 1a 00 00 0f 5e 15 41 1a 00 00 0f
00004770  58 15 4a 1a 00 00 0f 28 c2 0f 29 54 24 20 0f c6
00004780  c2 55 f3 0f 11 44 24 54 0f 1f 84 00 00 00 00 00
00004790  0f 28 6c 24 20 66 0f 6e c3 4c 8b 74 24 48 83 c3
000047a0  01 66 0f 70 c0 00 66 0f fe 05 22 1a 00 00 f3 0f
000047b0  10 5c 24 1c 4d 89 ef 0f 29 6c 24 60 f3 0f 10 6c
000047c0  24 40 0f 5b c0 0f 59 05 14 1a 00 00 f3 0f 11 1c
000047d0  24 0f 5e 44 24 30 f3 0f 11 6c 24 04 0f 29 44 24
000047e0  70 f3 41 0f 10 27 f3 41 0f 10 2e 48 89 ee 4c 89
000047f0  e7 49 83 c6 04 0f 28 c4 f3 0f 11 6c 24 14 f3 0f
00004800  11 64 24 10 e8 77 d8 ff ff f3 0f 10 3c 24 f3 0f
00004810  10 5c 24 58 f3 0f 10 74 24 5c f3 0f 10 4c 24 04
00004820  0f 28 c7 0f 28 d7 f3 0f 11 5c 24 0c f3 0f 59 c3
00004830  f3 0f 11 74 24 08 f3 0f 59 d6 e8 01 d8 ff ff f3
00004840  0f 10 6c 24 14 f3 0f 10 35 9b 17 00 00 f3 0f 10
00004850  64 24 10 f3 0f 5e 25 85 19 00 00 0f 28 c4 f3 0f
00004860  58 f5 0f 28 ce f3 0f 5e 0d 33 19 00 00 e8 3e d9
00004870  ff ff f3 0f 10 7c 24 18 f3 0f 10 14 24 f3 0f 10
00004880  5c 24 0c f3 0f 10 74 24 08 f3 0f 59 d7 f3 0f 10
00004890  4c 24 04 f3 0f 59 cf f3 0f 59 da f3 0f 59 d6 0f
000048a0  28 c3 e8 79 da ff ff 4d 39 f5 74 34 f3 41 0f 10
000048b0  06 48 89 ee 4c 89 e7 49 83 c7 04 e8 c0 d7 ff ff
000048c0  f3 0f 10 6c 24 58 f3 0f 11 2c 24 f3 0f 10 6c 24
000048d0  5c f3 0f 11 6c 24 04 e9 05 ff ff ff 0f 1f 40 00
000048e0  39 5c 24 44 0f 85 a6 fe ff ff 8b 5c 24 50 f3 0f
000048f0  10 44 24 54 83 fb 06 74 2a 48 89 ee 4c 89 e7 e8
00004900  7c d7 ff ff f3 0f 10 64 24 58 f3 0f 10 4c 24 5c
00004910  89 d8 f3 0f 11 64 24 1c f3 0f 11 4c 24 40 e9 1d
00004920  fe ff ff e8 28 d7 ff ff 48 81 c4 88 00 00 00 5b
00004930  5d 41 5c 41 5d 41 5e 41 5f e9 12 da ff ff 66 90
00004940  41 57 0f 28 fc 41 89 ff 41 56 0f c6 ff 00 41 55
00004950  41 54 55 53 89 f3 48 81 ec a8 00 00 00 8b 3d 91
00004960  38 00 00 f3 0f 11 54 24 20 4c 8d ac 24 80 00 00
00004970  00 48 8d 6c 24 7c 89 74 24 70 4c 8d a4 24 90 00
00004980  00 00 f3 0f 11 44 24 18 0f 28 c5 f3 0f 11 4c 24
00004990  1c f3 0f 11 5c 24 24 f3 0f 11 64 24 28 0f 29 7c
000049a0  24 60 ff 15 60 38 00 00 bf 07 00 00 00 e8 4e d9
000049b0  ff ff 66 0f ef c0 44 89 7c 24 74 31 d2 f3 41 0f
000049c0  2a c7 0f 28 d0 66 0f ef c0 f3 0f 2a c3 0f c6 d2
000049d0  00 48 8d 5c 24 78 0f 29 54 24 50 0f 28 e8 0f c6
000049e0  ed 00 0f 29 6c 24 40 66 0f 1f 84 00 00 00 00 00
000049f0  66 0f 6e c2 66 0f ef ed 83 c2 01 45 31 f6 66 0f
00004a00  70 c0 00 66 0f fe 05 85 17 00 00 0f 5b c0 0f 59
00004a10  44 24 60 0f 5e 44 24 50 0f 58 c5 0f 29 44 24 30
00004a20  66 41 0f 6e c6 0f 28 6c 24 30 41 83 c6 01 45 31
00004a30  ff 66 0f 70 c0 00 66 0f fe 05 92 17 00 00 44 89
00004a40  74 24 2c 4d 89 fe 0f 29 ac 24 80 00 00 00 41 89
00004a50  d7 0f 5b c0 0f 59 05 85 17 00 00 0f 5e 44 24 40
00004a60  0f 29 84 24 90 00 00 00 f3 43 0f 10 64 35 00 48
00004a70  89 de 48 89 ef 0f 28 c4 f3 0f 11 64 24 14 e8 fd
00004a80  d5 ff ff f3 43 0f 10 2c 34 48 89 de 48 89 ef f3
00004a90  0f 10 74 24 78 f3 0f 10 4c 24 7c 49 83 c6 04 0f
00004aa0  28 c5 f3 0f 11 6c 24 10 f3 0f 11 34 24 f3 0f 11
00004ab0  4c 24 04 e8 c8 d5 ff ff f3 0f 10 5c 24 78 f3 0f
00004ac0  10 04 24 f3 0f 10 4c 24 04 f3 0f 10 54 24 7c f3
00004ad0  0f 59 c3 f3 0f 11 5c 24 08 f3 0f 59 cb f3 0f 11
00004ae0  54 24 0c e8 58 d5 ff ff f3 0f 10 64 24 14 f3 0f
00004af0  10 6c 24 10 f3 0f 5e 64 24 28 f3 0f 5e 2d de 16
00004b00  00 00 0f 28 c4 0f 28 cd e8 a3 d6 ff ff f3 0f 10
00004b10  7c 24 24 66 0f ef f6 f3 0f 10 5c 24 08 f3 0f 10
00004b20  54 24 0c f3 0f 10 4c 24 04 f3 0f 59 df f3 0f 58
00004b30  5c 24 20 f3 0f 59 d7 f3 0f 58 54 24 1c f3 0f 59
00004b40  cb 0f 28 c3 f3 0f 59 04 24 f3 0f 58 4c 24 18 f3
00004b50  0f 58 c6 e8 c8 d7 ff ff 49 83 fe 10 0f 85 06 ff
00004b60  ff ff 44 8b 74 24 2c 44 89 fa 44 39 74 24 70 0f
00004b70  85 ab fe ff ff 44 39 7c 24 74 0f 85 70 fe ff ff
00004b80  48 81 c4 a8 00 00 00 5b 5d 41 5c 41 5d 41 5e 41
00004b90  5f e9 ba d4 ff ff 66 2e 0f 1f 84 00 00 00 00 00
00004ba0  41 57 41 56 66 41 0f 7e e6 41 54 55 53 66 0f 7e
00004bb0  c3 0f 28 c5 48 83 ec 20 8b 3d 36 36 00 00 f3 0f
00004bc0  11 5c 24 08 4c 8d 64 24 1c 48 8d 6c 24 18 f3 0f
00004bd0  11 4c 24 10 f3 0f 11 54 24 0c ff 15 28 36 00 00
00004be0  e8 5b d7 ff ff f3 0f 10 54 24 0c f3 0f 10 4c 24
00004bf0  10 66 0f 6e c3 31 db e8 24 d6 ff ff bf 08 00 00
00004c00  00 e8 fa d6 ff ff 66 41 0f 6e f6 0f 57 35 de 15
00004c10  00 00 66 0f ef d2 f3 0f 10 1d 1a 16 00 00 f3 0f
00004c20  11 54 24 0c 66 41 0f 7e f7 eb 3e 0f 1f 44 00 00
00004c30  66 0f ef ed f3 0f 10 05 a4 15 00 00 48 89 ee 4c
00004c40  89 e7 f3 0f 2a eb f3 0f 59 c5 f3 0f 11 6c 24 0c
00004c50  f3 0f 5e 05 98 13 00 00 e8 23 d4 ff ff f3 0f 10
00004c60  5c 24 18 f3 0f 10 54 24 1c 0f 28 c3 66 0f ef c9
00004c70  f3 0f 11 5c 24 14 83 c3 01 e8 c2 d3 ff ff f3 0f
00004c80  10 64 24 0c 66 0f ef c9 f3 0f 5e 25 60 13 00 00
00004c90  0f 28 c4 f3 0f 11 64 24 10 e8 12 d5 ff ff f3 0f
00004ca0  10 5c 24 14 66 41 0f 6e cf f3 0f 59 5c 24 08 0f
00004cb0  28 d3 0f 28 c3 f3 0f 11 5c 24 0c e8 60 d6 ff ff
00004cc0  f3 0f 10 64 24 10 f3 0f 10 0d 6a 15 00 00 0f 28
00004cd0  c4 e8 da d4 ff ff f3 0f 10 54 24 0c 66 41 0f 6e
00004ce0  ce 0f 28 c2 e8 37 d6 ff ff 83 fb 0f 0f 85 3e ff
00004cf0  ff ff e8 59 d3 ff ff bf 06 00 00 00 31 db e8 fd
00004d00  d5 ff ff 66 0f ef d2 f3 0f 10 0d 29 15 00 00 0f
00004d10  28 c2 e8 29 d3 ff ff f3 0f 10 0d d5 12 00 00 0f
00004d20  28 c1 e8 89 d4 ff ff 66 0f ef d2 66 41 0f 6e ce
00004d30  0f 28 c2 e8 e8 d5 ff ff f3 0f 10 1d f8 14 00 00
00004d40  66 0f ef d2 eb 3d 66 2e 0f 1f 84 00 00 00 00 00
00004d50  66 0f ef c0 48 8d 7c 24 1c 48 8d 74 24 18 f3 0f
00004d60  2a c3 f3 0f 59 05 76 14 00 00 f3 0f 5e 05 7e 12
00004d70  00 00 e8 09 d3 ff ff f3 0f 10 54 24 1c f3 0f 10
00004d80  5c 24 18 66 0f ef c9 66 0f ef c0 f3 0f 11 54 24
00004d90  10 83 c3 01 f3 0f 5a ca f3 0f 5a c3 f3 0f 11 5c
00004da0  24 0c f2 0f 59 0d 46 11 00 00 f2 0f 59 05 3e 11
00004db0  00 00 f2 0f 58 0d 36 11 00 00 f2 0f 58 05 2e 11
00004dc0  00 00 f2 0f 5a c9 f2 0f 5a c0 e8 e1 d3 ff ff f3
00004dd0  0f 10 74 24 08 f3 0f 10 5c 24 0c f3 0f 10 54 24
00004de0  10 66 41 0f 6e ce f3 0f 59 de f3 0f 59 d6 0f 28
00004df0  c3 e8 2a d5 ff ff 83 fb 0f 0f 85 51 ff ff ff e8
00004e00  4c d2 ff ff bf 06 00 00 00 bb 0e 00 00 00 e8 ed
00004e10  d4 ff ff 66 0f ef d2 f3 0f 10 0d c1 11 00 00 0f
00004e20  28 c2 e8 19 d2 ff ff f3 0f 10 0d c5 11 00 00 0f
00004e30  28 c1 e8 79 d3 ff ff 66 0f ef d2 66 41 0f 6e cf
00004e40  0f 28 c2 e8 d8 d4 ff ff f3 0f 10 1d e8 13 00 00
00004e50  f3 0f 10 15 94 11 00 00 eb 39 66 0f 1f 44 00 00
00004e60  66 0f ef c0 48 8d 7c 24 1c 48 8d 74 24 18 f3 0f
00004e70  2a c3 f3 0f 59 05 66 13 00 00 f3 0f 5e 05 6e 11
00004e80  00 00 e8 f9 d1 ff ff f3 0f 10 54 24 1c f3 0f 10
00004e90  5c 24 18 66 0f ef c9 66 0f ef c0 f3 0f 11 54 24
00004ea0  10 f3 0f 5a ca f3 0f 5a c3 f3 0f 11 5c 24 0c f2
00004eb0  0f 59 0d 39 10 00 00 f2 0f 59 05 31 10 00 00 f2
00004ec0  0f 58 0d 29 10 00 00 f2 0f 58 05 21 10 00 00 f2
00004ed0  0f 5a c9 f2 0f 5a c0 e8 d4 d2 ff ff f3 0f 10 7c
00004ee0  24 08 f3 0f 10 5c 24 0c f3 0f 10 54 24 10 66 41
00004ef0  0f 6e cf f3 0f 59 df f3 0f 59 d7 0f 28 c3 e8 1d
00004f00  d4 ff ff 83 eb 01 0f 83 54 ff ff ff e8 3f d1 ff
00004f10  ff 48 83 c4 20 5b 5d 41 5c 41 5e 41 5f e9 2e d4
00004f20  ff ff 00 00 48 83 ec 08 48 83 c4 08 c3 00 00 00
00004f30  00 00 00 00 00 00 00 00 00 00 00 00 00 00 00 00
00004f40  00 00 00 00 00 00 00 00 00 00 00 00 00 00 00 00
00004f50  00 00 00 00 00 00 00 00 00 00 00 00 00 00 00 00
00004f60  00 00 00 00 00 00 00 00 00 00 00 00 00 00 00 00
00004f70  00 00 00 00 00 00 00 00 00 00 00 00 00 00 00 00
00004f80  00 00 00 00 00 00 00 00 00 00 00 00 00 00 00 00
00004f90  00 00 00 00 00 00 00 00 00 00 00 00 00 00 00 00
00004fa0  00 00 00 00 00 00 00 00 00 00 00 00 00 00 00 00
00004fb0  00 00 00 00 00 00 00 00 00 00 00 00 00 00 00 00
00004fc0  00 00 00 00 00 00 00 00 00 00 00 00 00 00 00 00
00004fd0  00 00 00 00 00 00 00 00 00 00 00 00 00 00 00 00
00004fe0  00 00 00 00 00 00 00 00 00 00 00 00 00 00 00 00
00004ff0  00 00 00 00 00 00 00 00 00 00 00 00 00 00 00 00
00005000  73 68 61 64 65 72 20 65 72 72 6f 72 3a 0a 25 73
00005010  0a 00 44 49 53 50 4c 41 59 20 75 6e 61 76 61 69
00005020  6c 61 62 6c 65 0a 00 67 6c 43 72 65 61 74 65 53
00005030  68 61 64 65 72 00 6d 69 73 73 69 6e 67 20 67 6c
00005040  25 73 0a 00 67 6c 53 68 61 64 65 72 53 6f 75 72
00005050  63 65 00 67 6c 43 6f 6d 70 69 6c 65 53 68 61 64
00005060  65 72 00 67 6c 47 65 74 53 68 61 64 65 72 69 76
00005070  00 67 6c 47 65 74 53 68 61 64 65 72 49 6e 66 6f
00005080  4c 6f 67 00 67 6c 43 72 65 61 74 65 50 72 6f 67
00005090  72 61 6d 00 67 6c 41 74 74 61 63 68 53 68 61 64
000050a0  65 72 00 67 6c 4c 69 6e 6b 50 72 6f 67 72 61 6d
000050b0  00 67 6c 47 65 74 50 72 6f 67 72 61 6d 69 76 00
000050c0  67 6c 47 65 74 50 72 6f 67 72 61 6d 49 6e 66 6f
000050d0  4c 6f 67 00 67 6c 55 73 65 50 72 6f 67 72 61 6d
000050e0  00 67 6c 47 65 74 55 6e 69 66 6f 72 6d 4c 6f 63
000050f0  61 74 69 6f 6e 00 67 6c 55 6e 69 66 6f 72 6d 31
00005100  66 00 67 6c 55 6e 69 66 6f 72 6d 32 66 00 67 6c
00005110  55 6e 69 66 6f 72 6d 33 66 00 6c 69 6e 6b 20 65
00005120  72 72 6f 72 3a 0a 25 73 0a 00 75 54 69 6d 65 00
00005130  75 4d 61 74 00 75 50 75 6c 73 65 00 75 52 65 73
00005140  00 00 00 00 00 00 00 00 50 41 52 53 20 2f 2f 20
00005150  4c 41 54 54 49 43 45 20 44 52 45 41 4d 20 33 44
00005160  20 e2 80 94 20 50 4f 52 54 41 4c 20 43 48 41 4d
00005170  42 45 52 00 00 00 00 00 23 76 65 72 73 69 6f 6e
00005180  20 31 32 30 0a 76 61 72 79 69 6e 67 20 76 65 63
00005190  33 20 76 50 3b 20 76 61 72 79 69 6e 67 20 76 65
000051a0  63 33 20 76 4e 3b 20 76 61 72 79 69 6e 67 20 76
000051b0  65 63 32 20 76 55 56 3b 20 76 61 72 79 69 6e 67
000051c0  20 76 65 63 34 20 76 43 3b 0a 76 6f 69 64 20 6d
000051d0  61 69 6e 28 29 7b 76 65 63 34 20 70 3d 67 6c 5f
000051e0  4d 6f 64 65 6c 56 69 65 77 4d 61 74 72 69 78 2a
000051f0  67 6c 5f 56 65 72 74 65 78 3b 76 50 3d 70 2e 78
00005200  79 7a 3b 76 4e 3d 6e 6f 72 6d 61 6c 69 7a 65 28
00005210  67 6c 5f 4e 6f 72 6d 61 6c 4d 61 74 72 69 78 2a
00005220  67 6c 5f 4e 6f 72 6d 61 6c 29 3b 76 55 56 3d 67
00005230  6c 5f 4d 75 6c 74 69 54 65 78 43 6f 6f 72 64 30
00005240  2e 78 79 3b 76 43 3d 67 6c 5f 43 6f 6c 6f 72 3b
00005250  67 6c 5f 50 6f 73 69 74 69 6f 6e 3d 67 6c 5f 50
00005260  72 6f 6a 65 63 74 69 6f 6e 4d 61 74 72 69 78 2a
00005270  70 3b 67 6c 5f 50 6f 69 6e 74 53 69 7a 65 3d 67
00005280  6c 5f 50 6f 69 6e 74 53 69 7a 65 3b 7d 0a 00 00
00005290  23 76 65 72 73 69 6f 6e 20 31 32 30 0a 75 6e 69
000052a0  66 6f 72 6d 20 66 6c 6f 61 74 20 75 54 69 6d 65
000052b0  2c 75 4d 61 74 2c 75 50 75 6c 73 65 3b 75 6e 69
000052c0  66 6f 72 6d 20 76 65 63 32 20 75 52 65 73 3b 76
000052d0  61 72 79 69 6e 67 20 76 65 63 33 20 76 50 2c 76
000052e0  4e 3b 76 61 72 79 69 6e 67 20 76 65 63 32 20 76
000052f0  55 56 3b 76 61 72 79 69 6e 67 20 76 65 63 34 20
00005300  76 43 3b 0a 66 6c 6f 61 74 20 68 28 76 65 63 32
00005310  20 70 29 7b 72 65 74 75 72 6e 20 66 72 61 63 74
00005320  28 73 69 6e 28 64 6f 74 28 70 2c 76 65 63 32 28
00005330  31 32 37 2e 31 2c 33 31 31 2e 37 29 29 29 2a 34
00005340  33 37 35 38 2e 35 34 35 33 29 3b 7d 0a 66 6c 6f
00005350  61 74 20 6e 28 76 65 63 32 20 70 29 7b 76 65 63
00005360  32 20 69 3d 66 6c 6f 6f 72 28 70 29 2c 66 3d 66
00005370  72 61 63 74 28 70 29 3b 66 3d 66 2a 66 2a 28 33
00005380  2e 30 2d 32 2e 30 2a 66 29 3b 72 65 74 75 72 6e
00005390  20 6d 69 78 28 6d 69 78 28 68 28 69 29 2c 68 28
000053a0  69 2b 76 65 63 32 28 31 2c 30 29 29 2c 66 2e 78
000053b0  29 2c 6d 69 78 28 68 28 69 2b 76 65 63 32 28 30
000053c0  2c 31 29 29 2c 68 28 69 2b 76 65 63 32 28 31 2c
000053d0  31 29 29 2c 66 2e 78 29 2c 66 2e 79 29 3b 7d 0a
000053e0  66 6c 6f 61 74 20 66 62 28 76 65 63 32 20 70 29
000053f0  7b 66 6c 6f 61 74 20 73 3d 30 2e 2c 61 3d 2e 35
00005400  3b 66 6f 72 28 69 6e 74 20 69 3d 30 3b 69 3c 33
00005410  3b 69 2b 2b 29 7b 73 2b 3d 61 2a 6e 28 70 29 3b
00005420  70 3d 70 2a 32 2e 30 33 2b 37 2e 31 3b 61 2a 3d
00005430  2e 35 3b 7d 72 65 74 75 72 6e 20 73 3b 7d 0a 76
00005440  65 63 33 20 73 74 6f 6e 65 28 66 6c 6f 61 74 20
00005450  6d 6f 73 73 29 7b 66 6c 6f 61 74 20 67 3d 66 62
00005460  28 76 55 56 2a 35 2e 30 29 3b 76 65 63 32 20 63
00005470  65 6c 6c 3d 61 62 73 28 66 72 61 63 74 28 76 55
00005480  56 2a 32 2e 32 29 2d 2e 35 29 3b 66 6c 6f 61 74
00005490  20 65 64 67 65 3d 73 6d 6f 6f 74 68 73 74 65 70
000054a0  28 2e 34 32 2c 2e 34 39 2c 6d 61 78 28 63 65 6c
000054b0  6c 2e 78 2c 63 65 6c 6c 2e 79 29 29 3b 66 6c 6f
000054c0  61 74 20 63 72 61 63 6b 3d 73 6d 6f 6f 74 68 73
000054d0  74 65 70 28 2e 37 32 2c 2e 38 34 2c 6e 28 76 55
000054e0  56 2a 31 38 2e 30 2b 33 2e 30 29 29 3b 76 65 63
000054f0  33 20 63 3d 6d 69 78 28 76 65 63 33 28 2e 30 35
00005500  35 2c 2e 30 36 35 2c 2e 30 37 38 29 2c 76 65 63
00005510  33 28 2e 32 34 2c 2e 32 35 2c 2e 32 34 29 2c 67
00005520  29 3b 63 2a 3d 31 2e 30 2d 65 64 67 65 2a 2e 34
00005530  32 3b 63 2a 3d 31 2e 30 2d 63 72 61 63 6b 2a 2e
00005540  33 35 3b 66 6c 6f 61 74 20 6d 3d 73 6d 6f 6f 74
00005550  68 73 74 65 70 28 2e 35 38 2c 2e 38 32 2c 66 62
00005560  28 76 55 56 2a 32 2e 31 2b 31 31 2e 30 29 29 2a
00005570  6d 6f 73 73 3b 63 3d 6d 69 78 28 63 2c 76 65 63
00005580  33 28 2e 30 33 2c 2e 31 36 2c 2e 30 36 35 29 2c
00005590  6d 29 3b 72 65 74 75 72 6e 20 63 3b 7d 0a 76 6f
000055a0  69 64 20 6d 61 69 6e 28 29 7b 76 65 63 33 20 4e
000055b0  3d 6e 6f 72 6d 61 6c 69 7a 65 28 76 4e 29 3b 66
000055c0  6c 6f 61 74 20 62 75 6d 70 3d 6e 28 76 55 56 2a
000055d0  32 32 2e 30 2b 75 54 69 6d 65 2a 2e 30 31 29 2d
000055e0  2e 35 3b 76 65 63 33 20 54 3d 6e 6f 72 6d 61 6c
000055f0  69 7a 65 28 64 46 64 78 28 76 50 29 29 3b 76 65
00005600  63 33 20 42 3d 6e 6f 72 6d 61 6c 69 7a 65 28 64
00005610  46 64 79 28 76 50 29 29 3b 4e 3d 6e 6f 72 6d 61
00005620  6c 69 7a 65 28 4e 2b 28 54 2b 42 29 2a 62 75 6d
00005630  70 2a 2e 31 30 29 3b 76 65 63 33 20 62 61 73 65
00005640  3b 66 6c 6f 61 74 20 65 6d 69 73 73 3d 30 2e 3b
00005650  66 6c 6f 61 74 20 61 6c 70 68 61 3d 31 2e 3b 66
00005660  6c 6f 61 74 20 72 6f 75 67 68 3d 2e 35 35 3b 0a
00005670  20 69 66 28 75 4d 61 74 3c 31 2e 35 29 62 61 73
00005680  65 3d 73 74 6f 6e 65 28 2e 38 29 3b 0a 20 65 6c
00005690  73 65 20 69 66 28 75 4d 61 74 3c 32 2e 35 29 7b
000056a0  66 6c 6f 61 74 20 62 3d 2e 35 2b 2e 35 2a 73 69
000056b0  6e 28 76 55 56 2e 79 2a 34 35 2e 30 2b 66 62 28
000056c0  76 55 56 2a 38 2e 30 29 2a 34 2e 30 29 3b 62 61
000056d0  73 65 3d 6d 69 78 28 76 65 63 33 28 2e 30 35 35
000056e0  2c 2e 30 34 35 2c 2e 30 33 35 29 2c 76 65 63 33
000056f0  28 2e 34 32 2c 2e 32 39 2c 2e 31 31 29 2c 62 2a
00005700  2e 33 35 29 3b 72 6f 75 67 68 3d 2e 32 32 3b 7d
00005710  0a 20 65 6c 73 65 20 69 66 28 75 4d 61 74 3c 33
00005720  2e 35 29 7b 66 6c 6f 61 74 20 77 3d 2e 35 2b 2e
00005730  35 2a 73 69 6e 28 76 55 56 2e 78 2a 31 38 2e 30
00005740  2b 75 54 69 6d 65 2a 31 2e 34 2b 73 69 6e 28 76
00005750  55 56 2e 79 2a 31 33 2e 30 29 29 3b 62 61 73 65
00005760  3d 6d 69 78 28 76 65 63 33 28 2e 30 31 2c 2e 30
00005770  32 35 2c 2e 30 35 35 29 2c 76 65 63 33 28 2e 30
00005780  32 2c 2e 31 38 2c 2e 32 39 29 2c 77 29 3b 72 6f
00005790  75 67 68 3d 2e 30 36 3b 61 6c 70 68 61 3d 2e 38
000057a0  38 3b 7d 0a 20 65 6c 73 65 20 69 66 28 75 4d 61
000057b0  74 3c 34 2e 35 29 7b 76 65 63 32 20 71 3d 76 55
000057c0  56 2d 2e 35 3b 66 6c 6f 61 74 20 72 3d 6c 65 6e
000057d0  67 74 68 28 71 29 3b 66 6c 6f 61 74 20 61 3d 61
000057e0  74 61 6e 28 71 2e 79 2c 71 2e 78 29 3b 66 6c 6f
000057f0  61 74 20 73 77 3d 2e 35 2b 2e 35 2a 73 69 6e 28
00005800  61 2a 31 31 2e 30 2d 72 2a 33 34 2e 30 2d 75 54
00005810  69 6d 65 2a 34 2e 33 2b 6e 28 71 2a 31 32 2e 30
00005820  29 2a 35 2e 30 29 3b 62 61 73 65 3d 6d 69 78 28
00005830  76 65 63 33 28 2e 30 31 35 2c 2e 30 34 2c 2e 30
00005840  39 29 2c 76 65 63 33 28 2e 30 35 2c 2e 37 35 2c
00005850  31 2e 34 35 29 2c 73 77 29 3b 65 6d 69 73 73 3d
00005860  32 2e 37 2b 75 50 75 6c 73 65 2a 32 2e 38 3b 61
00005870  6c 70 68 61 3d 2e 38 32 3b 7d 0a 20 65 6c 73 65
00005880  20 69 66 28 75 4d 61 74 3c 35 2e 35 29 7b 62 61
00005890  73 65 3d 76 65 63 33 28 31 2e 33 35 2c 2e 33 34
000058a0  2c 2e 30 34 35 29 3b 65 6d 69 73 73 3d 33 2e 34
000058b0  3b 72 6f 75 67 68 3d 2e 31 35 3b 7d 0a 20 65 6c
000058c0  73 65 20 69 66 28 75 4d 61 74 3c 36 2e 35 29 7b
000058d0  62 61 73 65 3d 6d 69 78 28 76 65 63 33 28 2e 30
000058e0  34 2c 2e 31 32 2c 2e 31 38 29 2c 76 65 63 33 28
000058f0  2e 31 34 2c 2e 37 35 2c 31 2e 33 29 2c 6e 28 76
00005900  55 56 2a 37 2e 30 29 29 3b 65 6d 69 73 73 3d 31
00005910  2e 38 3b 72 6f 75 67 68 3d 2e 31 32 3b 7d 0a 20
00005920  65 6c 73 65 20 69 66 28 75 4d 61 74 3c 37 2e 35
00005930  29 7b 62 61 73 65 3d 76 65 63 33 28 2e 34 35 2c
00005940  2e 36 35 2c 31 2e 32 35 29 2a 76 43 2e 72 67 62
00005950  3b 65 6d 69 73 73 3d 32 2e 32 3b 61 6c 70 68 61
00005960  3d 76 43 2e 61 3b 7d 0a 20 65 6c 73 65 20 69 66
00005970  28 75 4d 61 74 3c 38 2e 35 29 7b 76 65 63 32 20
00005980  70 63 3d 67 6c 5f 50 6f 69 6e 74 43 6f 6f 72 64
00005990  2d 2e 35 3b 69 66 28 64 6f 74 28 70 63 2c 70 63
000059a0  29 3e 2e 32 35 29 64 69 73 63 61 72 64 3b 66 6c
000059b0  6f 61 74 20 6b 3d 31 2e 30 2d 73 6d 6f 6f 74 68
000059c0  73 74 65 70 28 2e 31 2c 2e 35 2c 6c 65 6e 67 74
000059d0  68 28 70 63 29 29 3b 62 61 73 65 3d 76 43 2e 72
000059e0  67 62 3b 65 6d 69 73 73 3d 32 2e 35 2a 6b 3b 61
000059f0  6c 70 68 61 3d 76 43 2e 61 2a 6b 3b 7d 0a 20 65
00005a00  6c 73 65 20 7b 62 61 73 65 3d 76 43 2e 72 67 62
00005a10  3b 65 6d 69 73 73 3d 31 2e 32 3b 61 6c 70 68 61
00005a20  3d 76 43 2e 61 3b 7d 0a 20 76 65 63 33 20 56 3d
00005a30  6e 6f 72 6d 61 6c 69 7a 65 28 2d 76 50 29 3b 76
00005a40  65 63 33 20 63 6f 6c 3d 62 61 73 65 2a 2e 32 36
00005a50  3b 66 6f 72 28 69 6e 74 20 69 3d 30 3b 69 3c 33
00005a60  3b 69 2b 2b 29 7b 76 65 63 34 20 6c 70 3d 67 6c
00005a70  5f 4c 69 67 68 74 53 6f 75 72 63 65 5b 69 5d 2e
00005a80  70 6f 73 69 74 69 6f 6e 3b 76 65 63 33 20 4c 3b
00005a90  66 6c 6f 61 74 20 61 74 74 3d 31 2e 30 3b 69 66
00005aa0  28 6c 70 2e 77 3d 3d 30 2e 30 29 4c 3d 6e 6f 72
00005ab0  6d 61 6c 69 7a 65 28 6c 70 2e 78 79 7a 29 3b 65
00005ac0  6c 73 65 7b 76 65 63 33 20 64 3d 6c 70 2e 78 79
00005ad0  7a 2d 76 50 3b 66 6c 6f 61 74 20 64 69 73 74 3d
00005ae0  6c 65 6e 67 74 68 28 64 29 3b 4c 3d 64 2f 64 69
00005af0  73 74 3b 61 74 74 3d 31 2e 30 2f 28 31 2e 30 2b
00005b00  67 6c 5f 4c 69 67 68 74 53 6f 75 72 63 65 5b 69
00005b10  5d 2e 6c 69 6e 65 61 72 41 74 74 65 6e 75 61 74
00005b20  69 6f 6e 2a 64 69 73 74 2b 67 6c 5f 4c 69 67 68
00005b30  74 53 6f 75 72 63 65 5b 69 5d 2e 71 75 61 64 72
00005b40  61 74 69 63 41 74 74 65 6e 75 61 74 69 6f 6e 2a
00005b50  64 69 73 74 2a 64 69 73 74 29 3b 7d 66 6c 6f 61
00005b60  74 20 64 69 66 3d 6d 61 78 28 64 6f 74 28 4e 2c
00005b70  4c 29 2c 30 2e 30 29 3b 66 6c 6f 61 74 20 73 70
00005b80  3d 70 6f 77 28 6d 61 78 28 64 6f 74 28 72 65 66
00005b90  6c 65 63 74 28 2d 4c 2c 4e 29 2c 56 29 2c 30 2e
00005ba0  30 29 2c 6d 69 78 28 31 32 2e 30 2c 37 32 2e 30
00005bb0  2c 31 2e 30 2d 72 6f 75 67 68 29 29 3b 63 6f 6c
00005bc0  2b 3d 28 62 61 73 65 2a 64 69 66 2b 73 70 2a 67
00005bd0  6c 5f 4c 69 67 68 74 53 6f 75 72 63 65 5b 69 5d
00005be0  2e 73 70 65 63 75 6c 61 72 2e 72 67 62 29 2a 67
00005bf0  6c 5f 4c 69 67 68 74 53 6f 75 72 63 65 5b 69 5d
00005c00  2e 64 69 66 66 75 73 65 2e 72 67 62 2a 61 74 74
00005c10  3b 7d 0a 20 63 6f 6c 2b 3d 62 61 73 65 2a 65 6d
00005c20  69 73 73 3b 66 6c 6f 61 74 20 76 65 69 6e 3d 73
00005c30  6d 6f 6f 74 68 73 74 65 70 28 2e 38 34 2c 2e 39
00005c40  32 2c 6e 28 76 55 56 2a 31 32 2e 30 2b 76 65 63
00005c50  32 28 30 2c 75 54 69 6d 65 2a 2e 30 34 29 29 29
00005c60  2a 73 74 65 70 28 75 4d 61 74 2c 2e 39 39 29 3b
00005c70  63 6f 6c 2b 3d 76 65 69 6e 2a 76 65 63 33 28 2e
00005c80  30 32 2c 2e 31 38 2c 2e 35 35 29 3b 66 6c 6f 61
00005c90  74 20 66 6f 67 3d 31 2e 30 2d 65 78 70 28 2d 6c
00005ca0  65 6e 67 74 68 28 76 50 29 2a 2e 30 32 38 29 3b
00005cb0  63 6f 6c 3d 6d 69 78 28 63 6f 6c 2c 76 65 63 33
00005cc0  28 2e 30 31 32 2c 2e 30 32 2c 2e 30 34 35 29 2c
00005cd0  66 6f 67 29 3b 63 6f 6c 3d 63 6f 6c 2f 28 31 2e
00005ce0  30 2b 63 6f 6c 29 3b 63 6f 6c 3d 70 6f 77 28 63
00005cf0  6f 6c 2c 76 65 63 33 28 2e 37 38 29 29 3b 67 6c
00005d00  5f 46 72 61 67 43 6f 6c 6f 72 3d 76 65 63 34 28
00005d10  63 6f 6c 2c 61 6c 70 68 61 29 3b 7d 0a 00 00 00
00005d20  66 72 61 6d 65 73 3d 25 6c 6c 75 20 72 75 6e 74
00005d30  69 6d 65 3d 25 2e 33 66 20 66 70 73 3d 25 2e 32
00005d40  66 0a 00 00 00 00 00 00 00 00 00 00 00 00 00 00
00005d50  00 00 00 00 00 00 00 00 00 00 00 00 00 00 00 00
00005d60  00 00 80 bf 00 00 80 bf 00 00 80 3f 00 00 80 3f
00005d70  00 00 80 bf 00 00 80 3f 00 00 80 3f 00 00 80 3f
00005d80  00 00 80 3f 00 00 80 bf 00 00 80 3f 00 00 80 3f
00005d90  00 00 80 3f 00 00 80 bf 00 00 80 bf 00 00 80 bf
00005da0  00 00 80 bf 00 00 80 bf 00 00 80 bf 00 00 80 3f
00005db0  00 00 80 bf 00 00 80 3f 00 00 80 3f 00 00 80 bf
00005dc0  00 00 80 bf 00 00 80 bf 00 00 80 bf 00 00 80 bf
00005dd0  00 00 80 bf 00 00 80 3f 00 00 80 bf 00 00 80 3f
00005de0  00 00 80 3f 00 00 80 bf 00 00 80 3f 00 00 80 bf
00005df0  00 00 80 3f 00 00 80 bf 00 00 80 3f 00 00 80 3f
00005e00  00 00 80 bf 00 00 80 bf 00 00 80 3f 00 00 80 3f
00005e10  00 00 80 bf 00 00 80 3f 00 00 80 3f 00 00 80 3f
00005e20  00 00 80 bf 00 00 80 3f 00 00 80 3f 00 00 80 3f
00005e30  00 00 80 3f 00 00 80 3f 00 00 80 3f 00 00 80 3f
00005e40  00 00 80 bf 00 00 80 bf 00 00 80 3f 00 00 80 bf
00005e50  00 00 80 bf 00 00 80 bf 00 00 80 bf 00 00 80 3f
00005e60  00 00 80 bf 00 00 80 bf 00 00 80 3f 00 00 80 bf
00005e70  00 00 80 3f 00 00 80 bf 00 00 80 bf 00 00 80 3f
00005e80  00 00 00 00 00 00 00 00 00 00 80 3f 00 00 00 00
00005e90  00 00 80 3f 00 00 80 3f 00 00 00 00 00 00 80 3f
00005ea0  00 00 00 00 00 00 00 00 00 00 80 3f 00 00 00 00
00005eb0  00 00 00 00 00 00 80 bf 00 00 80 bf 00 00 00 00
00005ec0  00 00 00 00 00 00 80 3f 00 00 00 00 00 00 00 00
00005ed0  00 00 00 00 00 00 80 3f 00 00 00 00 00 00 00 00
00005ee0  00 00 80 bf 00 00 00 00 95 d6 26 e8 0b 2e 11 3e
00005ef0  00 00 00 00 00 00 e0 3f 00 00 00 00 00 00 f0 3f
00005f00  00 00 00 00 00 00 5e 40 9a 99 99 99 99 99 b9 3f
00005f10  92 cb 7f 48 bf 7d ad 3f 92 cb 7f 48 bf 7d ad bf
00005f20  2d 43 1c eb e2 36 ba 3f 2d 43 1c eb e2 36 ba bf
00005f30  9a 99 99 99 99 99 e1 bf 00 00 00 a0 99 99 09 40
00005f40  33 33 ab 40 00 00 30 40 66 66 66 66 66 66 15 40
00005f50  00 00 00 00 00 00 0c 40 00 00 00 00 00 00 34 40
00005f60  66 66 66 66 66 66 d6 3f 9a 99 99 99 99 99 09 40
00005f70  9a 99 99 99 99 99 e1 3f 9a 99 99 99 99 99 25 40
00005f80  9a 99 99 99 99 99 c9 3f 7b 14 ae 47 e1 7a b4 3f
00005f90  0a d7 a3 70 3d 0a c7 3f 66 66 66 66 66 66 04 40
00005fa0  7b 14 ae 47 e1 7a 94 3f 7b 14 ae 47 e1 7a 29 40
00005fb0  e1 7a 14 ae 47 e1 da 3f 7b 14 ae 47 e1 7a a4 3f
00005fc0  a4 70 3d 0a d7 a3 c0 3f 9a 99 99 99 99 99 0b 40
00005fd0  00 00 00 00 00 80 29 40 9a 99 99 99 99 99 e9 3f
00005fe0  00 00 80 bf 2e bd 3b b3 db 0f c9 3f 2e bd 3b 34
00005ff0  00 00 60 41 00 00 00 3f cd cc 0c bf 00 00 e0 40
00006000  00 00 d0 c0 00 00 90 c1 0a d7 a3 3c 00 00 40 c1
00006010  e0 2d 10 3b 6f 12 03 3b 00 00 e0 41 52 b8 1e 3f
00006020  00 00 40 41 1f 85 6b 3e 66 66 26 3f 52 b8 9e 3e
00006030  cd cc cc 3c 8f c2 75 3c 00 00 c0 3f ec 51 38 3e
00006040  ae 47 61 3e 9a 99 19 3e cd cc cc 3d 00 00 d0 40
00006050  00 00 20 41 31 08 2c 3d 6f 12 83 3c 6f 12 03 3c
00006060  00 00 34 43 9a 99 b9 bf 8f c2 75 3d bc 74 93 3c
00006070  00 00 20 40 00 00 a0 40 8f c2 f5 3d 00 00 87 44
00006080  00 00 f0 44 00 00 40 40 00 00 08 42 cd cc 4c c0
00006090  00 00 c0 41 66 66 26 40 33 33 b3 be 00 00 a0 c0
000060a0  00 00 a0 41 cd cc 4c 3e 33 33 f3 3f 00 00 00 c0
000060b0  cd cc 4c bd 9a 99 99 3f 00 00 e8 c0 00 00 e8 40
000060c0  cd cc d4 40 cd cc 2c 40 8f c2 f5 3e 66 66 16 40
000060d0  00 00 00 40 9a 99 19 be 0a d7 23 3e 33 33 9b 40
000060e0  b8 1e 05 3e cd cc 1c 40 9a 99 d9 40 9a 99 e1 40
000060f0  29 5c 8f 3d cd cc 0c c0 cd cc 0c 40 5c 8f c2 3e
00006100  00 00 60 40 33 33 6b 41 00 00 80 40 e1 7a 4c 41
00006110  00 00 80 3c 33 33 03 40 29 5c 0f 3d 00 00 00 3e
00006120  00 00 00 41 6f 12 83 3a f2 98 19 40 ba 49 0c 3e
00006130  33 33 33 40 9a 99 d9 3f 66 66 e6 3f 7b 14 2e 3e
00006140  cd cc cc 3e 33 33 33 3f 33 33 73 3f 9a 99 19 3f
00006150  00 c0 7f 44 00 00 a0 42 00 00 f0 40 00 00 10 41
00006160  c3 75 b7 42 80 ee 2a 47 a4 70 3c 42 cd ce 75 46
00006170  00 00 90 41 00 00 d0 41 2b 87 36 3f 9a 99 99 40
00006180  0a d7 23 3d 00 00 00 00 00 00 00 00 00 00 00 00
00006190  00 00 00 00 01 00 00 00 01 00 00 00 00 00 00 00
000061a0  db 0f 49 40 db 0f 49 40 db 0f 49 40 db 0f 49 40
000061b0  00 00 c0 40 00 00 c0 40 00 00 c0 40 00 00 c0 40
000061c0  db 0f c9 bf db 0f c9 bf db 0f c9 bf db 0f c9 bf
000061d0  00 00 00 00 00 00 00 00 01 00 00 00 01 00 00 00
000061e0  db 0f c9 40 db 0f c9 40 db 0f c9 40 db 0f c9 40
000061f0  00 00 00 80 00 00 00 00 00 00 00 00 00 00 00 00
00006200  04 00 00 00 05 00 00 00 0c 00 00 00 18 00 00 00
00006210  cd cc cc be 00 00 40 3f 00 00 80 3e 00 00 00 00
00006220  66 66 e6 3e b8 1e 05 3f ec 51 38 3f 00 00 80 3f
00006230  cd cc 4c 3f 66 66 66 3f 00 00 80 3f 00 00 80 3f
00006240  00 00 00 00 cd cc 4c 40 00 00 4c 41 00 00 80 3f
00006250  0a d7 a3 3d cd cc 0c 3f 33 33 93 3f 00 00 80 3f
00006260  33 33 b3 3e cd cc 4c 3f 00 00 80 3f 00 00 80 3f
00006270  33 33 93 3f 29 5c 8f 3e ec 51 38 3d 00 00 80 3f
00006280  cd cc 4c 3f 33 33 b3 3e 0a d7 a3 3d 00 00 80 3f
00006290  01 1b 03 3b 5c 00 00 00 0a 00 00 00 90 bd ff ff
000062a0  a8 00 00 00 20 c1 ff ff d0 00 00 00 30 c1 ff ff
000062b0  50 02 00 00 10 e1 ff ff 78 00 00 00 00 e2 ff ff
000062c0  e8 00 00 00 b0 e2 ff ff 14 01 00 00 c0 e3 ff ff
000062d0  5c 01 00 00 00 e4 ff ff 74 01 00 00 b0 e6 ff ff
000062e0  c0 01 00 00 10 e9 ff ff 0c 02 00 00 00 00 00 00
000062f0  14 00 00 00 00 00 00 00 01 7a 52 00 01 78 10 01
00006300  1b 0c 07 08 90 01 07 10 14 00 00 00 1c 00 00 00
00006310  90 e0 ff ff 22 00 00 00 00 00 00 00 00 00 00 00
00006320  14 00 00 00 00 00 00 00 01 7a 52 00 01 78 10 01
00006330  1b 0c 07 08 90 01 00 00 24 00 00 00 1c 00 00 00
00006340  e0 bc ff ff 90 03 00 00 00 0e 10 46 0e 18 4a 0f
00006350  0b 77 08 80 00 3f 1a 3b 2a 33 24 22 00 00 00 00
00006360  14 00 00 00 44 00 00 00 48 c0 ff ff 08 00 00 00
00006370  00 00 00 00 00 00 00 00 28 00 00 00 5c 00 00 00
00006380  10 e1 ff ff ac 00 00 00 00 41 0e 10 86 02 41 0e
00006390  18 83 03 47 0e c0 40 02 52 0a 0e 18 43 0e 10 41
000063a0  0e 08 41 0b 44 00 00 00 88 00 00 00 94 e1 ff ff
000063b0  08 01 00 00 00 42 0e 10 8f 02 42 0e 18 8e 03 49
000063c0  0e 20 8d 04 4a 0e 28 8c 05 46 0e 30 86 06 45 0e
000063d0  38 83 07 48 0e 50 02 cf 0e 38 41 0e 30 41 0e 28
000063e0  42 0e 20 42 0e 18 42 0e 10 42 0e 08 14 00 00 00
000063f0  d0 00 00 00 5c e2 ff ff 37 00 00 00 00 44 0e 20
00006400  6e 0e 08 00 48 00 00 00 e8 00 00 00 84 e2 ff ff
00006410  ae 02 00 00 00 42 0e 10 8f 02 45 0e 18 8e 03 42
00006420  0e 20 8d 04 42 0e 28 8c 05 41 0e 30 86 06 41 0e
00006430  38 83 07 4e 0e c0 01 03 84 02 0e 38 41 0e 30 41
00006440  0e 28 42 0e 20 42 0e 18 42 0e 10 42 0e 08 00 00
00006450  48 00 00 00 34 01 00 00 e8 e4 ff ff 56 02 00 00
00006460  00 42 0e 10 8f 02 48 0e 18 8e 03 46 0e 20 8d 04
00006470  42 0e 28 8c 05 41 0e 30 86 06 41 0e 38 83 07 49
00006480  0e e0 01 03 2a 02 0e 38 41 0e 30 41 0e 28 42 0e
00006490  20 42 0e 18 42 0e 10 42 0e 08 00 00 40 00 00 00
000064a0  80 01 00 00 fc e6 ff ff 82 03 00 00 00 42 0e 10
000064b0  8f 02 42 0e 18 8e 03 47 0e 20 8c 04 41 0e 28 86
000064c0  05 41 0e 30 83 06 4b 0e 50 03 5d 03 0e 30 41 0e
000064d0  28 41 0e 20 42 0e 18 42 0e 10 42 0e 08 00 00 00
000064e0  a4 00 00 00 c4 01 00 00 d8 be ff ff df 1f 00 00
000064f0  00 42 0e 10 8f 02 44 0e 18 8e 03 42 0e 20 8d 04
00006500  42 0e 28 8c 05 41 0e 30 86 06 41 0e 38 83 07 47
00006510  0e f0 45 02 b5 0e f8 45 47 0e 80 46 42 0e 88 46
00006520  42 0e 90 46 44 0e 98 46 42 0e a0 46 5e 0e f0 45
00006530  02 58 0e f8 45 45 0e 80 46 79 0e f8 45 42 0e f0
00006540  45 03 54 03 0e f8 45 4a 0e 80 46 45 0e 88 46 42
00006550  0e 90 46 4e 0e f0 45 03 84 01 0e f8 45 4d 0e 80
00006560  46 4a 0e 88 46 42 0e 90 46 4e 0e f0 45 03 1b 09
00006570  0a 0e 38 43 0e 30 41 0e 28 42 0e 20 42 0e 18 42
00006580  0e 10 42 0e 08 41 0b 00 00 00 00 00 04 00 00 00
00006590  10 00 00 00 01 00 00 00 47 4e 55 00 00 00 00 00
000065a0  03 00 00 00 02 00 00 00 00 00 00 00 00 00 00 00
000065b0  00 00 00 00 00 00 00 00 00 00 00 00 00 00 00 00
000065c0  00 00 00 00 00 00 00 00 00 00 00 00 00 00 00 00
000065d0  00 00 00 00 00 00 00 00 00 00 00 00 00 00 00 00
000065e0  00 00 00 00 00 00 00 00 00 00 00 00 00 00 00 00
000065f0  00 00 00 00 00 00 00 00 00 00 00 00 00 00 00 00
00006600  00 00 00 00 00 00 00 00 00 00 00 00 00 00 00 00
00006610  00 00 00 00 00 00 00 00 00 00 00 00 00 00 00 00
00006620  00 00 00 00 00 00 00 00 00 00 00 00 00 00 00 00
00006630  00 00 00 00 00 00 00 00 00 00 00 00 00 00 00 00
00006640  00 00 00 00 00 00 00 00 00 00 00 00 00 00 00 00
00006650  00 00 00 00 00 00 00 00 00 00 00 00 00 00 00 00
00006660  00 00 00 00 00 00 00 00 00 00 00 00 00 00 00 00
00006670  00 00 00 00 00 00 00 00 00 00 00 00 00 00 00 00
00006680  00 00 00 00 00 00 00 00 00 00 00 00 00 00 00 00
00006690  00 00 00 00 00 00 00 00 00 00 00 00 00 00 00 00
000066a0  00 00 00 00 00 00 00 00 00 00 00 00 00 00 00 00
000066b0  00 00 00 00 00 00 00 00 00 00 00 00 00 00 00 00
000066c0  00 00 00 00 00 00 00 00 00 00 00 00 00 00 00 00
000066d0  00 00 00 00 00 00 00 00 00 00 00 00 00 00 00 00
000066e0  00 00 00 00 00 00 00 00 00 00 00 00 00 00 00 00
000066f0  00 00 00 00 00 00 00 00 00 00 00 00 00 00 00 00
00006700  00 00 00 00 00 00 00 00 00 00 00 00 00 00 00 00
00006710  00 00 00 00 00 00 00 00 00 00 00 00 00 00 00 00
00006720  00 00 00 00 00 00 00 00 00 00 00 00 00 00 00 00
00006730  00 00 00 00 00 00 00 00 00 00 00 00 00 00 00 00
00006740  00 00 00 00 00 00 00 00 00 00 00 00 00 00 00 00
00006750  00 00 00 00 00 00 00 00 00 00 00 00 00 00 00 00
00006760  00 00 00 00 00 00 00 00 00 00 00 00 00 00 00 00
00006770  00 00 00 00 00 00 00 00 00 00 00 00 00 00 00 00
00006780  00 00 00 00 00 00 00 00 00 00 00 00 00 00 00 00
00006790  00 00 00 00 00 00 00 00 00 00 00 00 00 00 00 00
000067a0  00 00 00 00 00 00 00 00 00 00 00 00 00 00 00 00
000067b0  00 00 00 00 00 00 00 00 00 00 00 00 00 00 00 00
000067c0  00 00 00 00 00 00 00 00 00 00 00 00 00 00 00 00
000067d0  00 00 00 00 00 00 00 00 00 00 00 00 00 00 00 00
000067e0  00 00 00 00 00 00 00 00 00 00 00 00 00 00 00 00
000067f0  00 00 00 00 00 00 00 00 00 00 00 00 00 00 00 00
00006800  00 00 00 00 00 00 00 00 00 00 00 00 00 00 00 00
00006810  00 00 00 00 00 00 00 00 00 00 00 00 00 00 00 00
00006820  00 00 00 00 00 00 00 00 00 00 00 00 00 00 00 00
00006830  00 00 00 00 00 00 00 00 00 00 00 00 00 00 00 00
00006840  00 00 00 00 00 00 00 00 00 00 00 00 00 00 00 00
00006850  00 00 00 00 00 00 00 00 00 00 00 00 00 00 00 00
00006860  00 00 00 00 00 00 00 00 00 00 00 00 00 00 00 00
00006870  00 00 00 00 00 00 00 00 00 00 00 00 00 00 00 00
00006880  00 00 00 00 00 00 00 00 00 00 00 00 00 00 00 00
00006890  00 00 00 00 00 00 00 00 00 00 00 00 00 00 00 00
000068a0  00 00 00 00 00 00 00 00 00 00 00 00 00 00 00 00
000068b0  00 00 00 00 00 00 00 00 00 00 00 00 00 00 00 00
000068c0  00 00 00 00 00 00 00 00 00 00 00 00 00 00 00 00
000068d0  00 00 00 00 00 00 00 00 00 00 00 00 00 00 00 00
000068e0  00 00 00 00 00 00 00 00 00 00 00 00 00 00 00 00
000068f0  00 00 00 00 00 00 00 00 00 00 00 00 00 00 00 00
00006900  00 00 00 00 00 00 00 00 00 00 00 00 00 00 00 00
00006910  00 00 00 00 00 00 00 00 00 00 00 00 00 00 00 00
00006920  00 00 00 00 00 00 00 00 00 00 00 00 00 00 00 00
00006930  00 00 00 00 00 00 00 00 00 00 00 00 00 00 00 00
00006940  00 00 00 00 00 00 00 00 00 00 00 00 00 00 00 00
00006950  00 00 00 00 00 00 00 00 00 00 00 00 00 00 00 00
00006960  00 00 00 00 00 00 00 00 00 00 00 00 00 00 00 00
00006970  00 00 00 00 00 00 00 00 00 00 00 00 00 00 00 00
00006980  00 00 00 00 00 00 00 00 00 00 00 00 00 00 00 00
00006990  00 00 00 00 00 00 00 00 00 00 00 00 00 00 00 00
000069a0  00 00 00 00 00 00 00 00 00 00 00 00 00 00 00 00
000069b0  00 00 00 00 00 00 00 00 00 00 00 00 00 00 00 00
000069c0  00 00 00 00 00 00 00 00 00 00 00 00 00 00 00 00
000069d0  00 00 00 00 00 00 00 00 00 00 00 00 00 00 00 00
000069e0  00 00 00 00 00 00 00 00 00 00 00 00 00 00 00 00
000069f0  00 00 00 00 00 00 00 00 00 00 00 00 00 00 00 00
00006a00  00 00 00 00 00 00 00 00 00 00 00 00 00 00 00 00
00006a10  00 00 00 00 00 00 00 00 00 00 00 00 00 00 00 00
00006a20  00 00 00 00 00 00 00 00 00 00 00 00 00 00 00 00
00006a30  00 00 00 00 00 00 00 00 00 00 00 00 00 00 00 00
00006a40  00 00 00 00 00 00 00 00 00 00 00 00 00 00 00 00
00006a50  00 00 00 00 00 00 00 00 00 00 00 00 00 00 00 00
00006a60  00 00 00 00 00 00 00 00 00 00 00 00 00 00 00 00
00006a70  00 00 00 00 00 00 00 00 00 00 00 00 00 00 00 00
00006a80  00 00 00 00 00 00 00 00 00 00 00 00 00 00 00 00
00006a90  00 00 00 00 00 00 00 00 00 00 00 00 00 00 00 00
00006aa0  00 00 00 00 00 00 00 00 00 00 00 00 00 00 00 00
00006ab0  00 00 00 00 00 00 00 00 00 00 00 00 00 00 00 00
00006ac0  00 00 00 00 00 00 00 00 00 00 00 00 00 00 00 00
00006ad0  00 00 00 00 00 00 00 00 00 00 00 00 00 00 00 00
00006ae0  00 00 00 00 00 00 00 00 00 00 00 00 00 00 00 00
00006af0  00 00 00 00 00 00 00 00 00 00 00 00 00 00 00 00
00006b00  00 00 00 00 00 00 00 00 00 00 00 00 00 00 00 00
00006b10  00 00 00 00 00 00 00 00 00 00 00 00 00 00 00 00
00006b20  00 00 00 00 00 00 00 00 00 00 00 00 00 00 00 00
00006b30  00 00 00 00 00 00 00 00 00 00 00 00 00 00 00 00
00006b40  00 00 00 00 00 00 00 00 00 00 00 00 00 00 00 00
00006b50  00 00 00 00 00 00 00 00 00 00 00 00 00 00 00 00
00006b60  00 00 00 00 00 00 00 00 00 00 00 00 00 00 00 00
00006b70  00 00 00 00 00 00 00 00 00 00 00 00 00 00 00 00
00006b80  00 00 00 00 00 00 00 00 00 00 00 00 00 00 00 00
00006b90  00 00 00 00 00 00 00 00 00 00 00 00 00 00 00 00
00006ba0  00 00 00 00 00 00 00 00 00 00 00 00 00 00 00 00
00006bb0  00 00 00 00 00 00 00 00 00 00 00 00 00 00 00 00
00006bc0  00 00 00 00 00 00 00 00 00 00 00 00 00 00 00 00
00006bd0  00 00 00 00 00 00 00 00 00 00 00 00 00 00 00 00
00006be0  00 00 00 00 00 00 00 00 00 00 00 00 00 00 00 00
00006bf0  00 00 00 00 00 00 00 00 00 00 00 00 00 00 00 00
00006c00  00 00 00 00 00 00 00 00 00 00 00 00 00 00 00 00
00006c10  00 00 00 00 00 00 00 00 00 00 00 00 00 00 00 00
00006c20  00 00 00 00 00 00 00 00 00 00 00 00 00 00 00 00
00006c30  00 00 00 00 00 00 00 00 00 00 00 00 00 00 00 00
00006c40  00 00 00 00 00 00 00 00 00 00 00 00 00 00 00 00
00006c50  00 00 00 00 00 00 00 00 00 00 00 00 00 00 00 00
00006c60  00 00 00 00 00 00 00 00 00 00 00 00 00 00 00 00
00006c70  00 00 00 00 00 00 00 00 00 00 00 00 00 00 00 00
00006c80  00 00 00 00 00 00 00 00 00 00 00 00 00 00 00 00
00006c90  00 00 00 00 00 00 00 00 00 00 00 00 00 00 00 00
00006ca0  00 00 00 00 00 00 00 00 00 00 00 00 00 00 00 00
00006cb0  00 00 00 00 00 00 00 00 00 00 00 00 00 00 00 00
00006cc0  00 00 00 00 00 00 00 00 00 00 00 00 00 00 00 00
00006cd0  00 00 00 00 00 00 00 00 00 00 00 00 00 00 00 00
00006ce0  00 00 00 00 00 00 00 00 00 00 00 00 00 00 00 00
00006cf0  00 00 00 00 00 00 00 00 00 00 00 00 00 00 00 00
00006d00  00 00 00 00 00 00 00 00 00 00 00 00 00 00 00 00
00006d10  00 00 00 00 00 00 00 00 00 00 00 00 00 00 00 00
00006d20  00 00 00 00 00 00 00 00 00 00 00 00 00 00 00 00
00006d30  00 00 00 00 00 00 00 00 00 00 00 00 00 00 00 00
00006d40  00 00 00 00 00 00 00 00 00 00 00 00 00 00 00 00
00006d50  00 00 00 00 00 00 00 00 00 00 00 00 00 00 00 00
00006d60  00 00 00 00 00 00 00 00 00 00 00 00 00 00 00 00
00006d70  00 00 00 00 00 00 00 00 00 00 00 00 00 00 00 00
00006d80  00 00 00 00 00 00 00 00 00 00 00 00 00 00 00 00
00006d90  00 00 00 00 00 00 00 00 00 00 00 00 00 00 00 00
00006da0  80 44 00 00 00 00 00 00 40 44 00 00 00 00 00 00
00006db0  01 00 00 00 00 00 00 00 f7 02 00 00 00 00 00 00
00006dc0  01 00 00 00 00 00 00 00 03 03 00 00 00 00 00 00
00006dd0  01 00 00 00 00 00 00 00 0e 03 00 00 00 00 00 00
00006de0  01 00 00 00 00 00 00 00 18 03 00 00 00 00 00 00
00006df0  0c 00 00 00 00 00 00 00 00 20 00 00 00 00 00 00
00006e00  0d 00 00 00 00 00 00 00 24 4f 00 00 00 00 00 00
00006e10  19 00 00 00 00 00 00 00 a0 7d 00 00 00 00 00 00
00006e20  1b 00 00 00 00 00 00 00 08 00 00 00 00 00 00 00
00006e30  1a 00 00 00 00 00 00 00 a8 7d 00 00 00 00 00 00
00006e40  1c 00 00 00 00 00 00 00 08 00 00 00 00 00 00 00
00006e50  f5 fe ff 6f 00 00 00 00 b0 03 00 00 00 00 00 00
00006e60  05 00 00 00 00 00 00 00 18 0a 00 00 00 00 00 00
00006e70  06 00 00 00 00 00 00 00 e8 03 00 00 00 00 00 00
00006e80  0a 00 00 00 00 00 00 00 72 03 00 00 00 00 00 00
00006e90  0b 00 00 00 00 00 00 00 18 00 00 00 00 00 00 00
00006ea0  15 00 00 00 00 00 00 00 00 00 00 00 00 00 00 00
00006eb0  03 00 00 00 00 00 00 00 e8 7f 00 00 00 00 00 00
00006ec0  02 00 00 00 00 00 00 00 40 05 00 00 00 00 00 00
00006ed0  14 00 00 00 00 00 00 00 07 00 00 00 00 00 00 00
00006ee0  17 00 00 00 00 00 00 00 68 0f 00 00 00 00 00 00
00006ef0  07 00 00 00 00 00 00 00 90 0e 00 00 00 00 00 00
00006f00  08 00 00 00 00 00 00 00 d8 00 00 00 00 00 00 00
00006f10  09 00 00 00 00 00 00 00 18 00 00 00 00 00 00 00
00006f20  fb ff ff 6f 00 00 00 00 00 00 00 08 00 00 00 00
00006f30  fe ff ff 6f 00 00 00 00 10 0e 00 00 00 00 00 00
00006f40  ff ff ff 6f 00 00 00 00 02 00 00 00 00 00 00 00
00006f50  f0 ff ff 6f 00 00 00 00 8a 0d 00 00 00 00 00 00
00006f60  f9 ff ff 6f 00 00 00 00 03 00 00 00 00 00 00 00
00006f70  00 00 00 00 00 00 00 00 00 00 00 00 00 00 00 00
00006f80  00 00 00 00 00 00 00 00 00 00 00 00 00 00 00 00
00006f90  00 00 00 00 00 00 00 00 00 00 00 00 00 00 00 00
00006fa0  00 00 00 00 00 00 00 00 00 00 00 00 00 00 00 00
00006fb0  00 00 00 00 00 00 00 00 00 00 00 00 00 00 00 00
00006fc0  00 00 00 00 00 00 00 00 00 00 00 00 00 00 00 00
00006fd0  00 00 00 00 00 00 00 00 00 00 00 00 00 00 00 00
00006fe0  00 00 00 00 00 00 00 00 b0 7d 00 00 00 00 00 00
00006ff0  00 00 00 00 00 00 00 00 00 00 00 00 00 00 00 00
00007000  36 20 00 00 00 00 00 00 46 20 00 00 00 00 00 00
00007010  56 20 00 00 00 00 00 00 66 20 00 00 00 00 00 00
00007020  76 20 00 00 00 00 00 00 86 20 00 00 00 00 00 00
00007030  96 20 00 00 00 00 00 00 a6 20 00 00 00 00 00 00
00007040  b6 20 00 00 00 00 00 00 c6 20 00 00 00 00 00 00
00007050  d6 20 00 00 00 00 00 00 e6 20 00 00 00 00 00 00
00007060  f6 20 00 00 00 00 00 00 06 21 00 00 00 00 00 00
00007070  16 21 00 00 00 00 00 00 26 21 00 00 00 00 00 00
00007080  36 21 00 00 00 00 00 00 46 21 00 00 00 00 00 00
00007090  56 21 00 00 00 00 00 00 66 21 00 00 00 00 00 00
000070a0  76 21 00 00 00 00 00 00 86 21 00 00 00 00 00 00
000070b0  96 21 00 00 00 00 00 00 a6 21 00 00 00 00 00 00
000070c0  b6 21 00 00 00 00 00 00 c6 21 00 00 00 00 00 00
000070d0  d6 21 00 00 00 00 00 00 e6 21 00 00 00 00 00 00
000070e0  f6 21 00 00 00 00 00 00 06 22 00 00 00 00 00 00
000070f0  16 22 00 00 00 00 00 00 26 22 00 00 00 00 00 00
00007100  36 22 00 00 00 00 00 00 46 22 00 00 00 00 00 00
00007110  56 22 00 00 00 00 00 00 66 22 00 00 00 00 00 00
00007120  76 22 00 00 00 00 00 00 86 22 00 00 00 00 00 00
00007130  96 22 00 00 00 00 00 00 a6 22 00 00 00 00 00 00
00007140  b6 22 00 00 00 00 00 00 c6 22 00 00 00 00 00 00
00007150  d6 22 00 00 00 00 00 00 e6 22 00 00 00 00 00 00
00007160  f6 22 00 00 00 00 00 00 06 23 00 00 00 00 00 00
00007170  16 23 00 00 00 00 00 00 26 23 00 00 00 00 00 00
00007180  36 23 00 00 00 00 00 00 46 23 00 00 00 00 00 00
00007190  56 23 00 00 00 00 00 00 66 23 00 00 00 00 00 00
000071a0  76 23 00 00 00 00 00 00 86 23 00 00 00 00 00 00
000071b0  96 23 00 00 00 00 00 00 a6 23 00 00 00 00 00 00
000071c0  c0 81 00 00 00 00 00 00 47 43 43 3a 20 28 44 65
000071d0  62 69 61 6e 20 31 34 2e 32 2e 30 2d 31 39 29 20
000071e0  31 34 2e 32 2e 30 00 00 2e 73 68 73 74 72 74 61
000071f0  62 00 2e 6e 6f 74 65 2e 67 6e 75 2e 70 72 6f 70
00007200  65 72 74 79 00 2e 6e 6f 74 65 2e 67 6e 75 2e 62
00007210  75 69 6c 64 2d 69 64 00 2e 69 6e 74 65 72 70 00
00007220  2e 67 6e 75 2e 68 61 73 68 00 2e 64 79 6e 73 79
00007230  6d 00 2e 64 79 6e 73 74 72 00 2e 67 6e 75 2e 76
00007240  65 72 73 69 6f 6e 00 2e 67 6e 75 2e 76 65 72 73
00007250  69 6f 6e 5f 72 00 2e 72 65 6c 61 2e 64 79 6e 00
00007260  2e 72 65 6c 61 2e 70 6c 74 00 2e 69 6e 69 74 00
00007270  2e 70 6c 74 2e 67 6f 74 00 2e 74 65 78 74 00 2e
00007280  66 69 6e 69 00 2e 72 6f 64 61 74 61 00 2e 65 68
00007290  5f 66 72 61 6d 65 5f 68 64 72 00 2e 65 68 5f 66
000072a0  72 61 6d 65 00 2e 6e 6f 74 65 2e 41 42 49 2d 74
000072b0  61 67 00 2e 69 6e 69 74 5f 61 72 72 61 79 00 2e
000072c0  66 69 6e 69 5f 61 72 72 61 79 00 2e 64 79 6e 61
000072d0  6d 69 63 00 2e 67 6f 74 2e 70 6c 74 00 2e 64 61
000072e0  74 61 00 2e 62 73 73 00 2e 63 6f 6d 6d 65 6e 74
000072f0  00 00 00 00 00 00 00 00 00 00 00 00 00 00 00 00
00007300  00 00 00 00 00 00 00 00 00 00 00 00 00 00 00 00
00007310  00 00 00 00 00 00 00 00 00 00 00 00 00 00 00 00
00007320  00 00 00 00 00 00 00 00 00 00 00 00 00 00 00 00
00007330  00 00 00 00 00 00 00 00 0b 00 00 00 07 00 00 00
00007340  02 00 00 00 00 00 00 00 50 03 00 00 00 00 00 00
00007350  50 03 00 00 00 00 00 00 20 00 00 00 00 00 00 00
00007360  00 00 00 00 00 00 00 00 08 00 00 00 00 00 00 00
00007370  00 00 00 00 00 00 00 00 1e 00 00 00 07 00 00 00
00007380  02 00 00 00 00 00 00 00 70 03 00 00 00 00 00 00
00007390  70 03 00 00 00 00 00 00 24 00 00 00 00 00 00 00
000073a0  00 00 00 00 00 00 00 00 04 00 00 00 00 00 00 00
000073b0  00 00 00 00 00 00 00 00 31 00 00 00 01 00 00 00
000073c0  02 00 00 00 00 00 00 00 94 03 00 00 00 00 00 00
000073d0  94 03 00 00 00 00 00 00 1c 00 00 00 00 00 00 00
000073e0  00 00 00 00 00 00 00 00 01 00 00 00 00 00 00 00
000073f0  00 00 00 00 00 00 00 00 39 00 00 00 f6 ff ff 6f
00007400  02 00 00 00 00 00 00 00 b0 03 00 00 00 00 00 00
00007410  b0 03 00 00 00 00 00 00 38 00 00 00 00 00 00 00
00007420  05 00 00 00 00 00 00 00 08 00 00 00 00 00 00 00
00007430  00 00 00 00 00 00 00 00 43 00 00 00 0b 00 00 00
00007440  02 00 00 00 00 00 00 00 e8 03 00 00 00 00 00 00
00007450  e8 03 00 00 00 00 00 00 30 06 00 00 00 00 00 00
00007460  06 00 00 00 01 00 00 00 08 00 00 00 00 00 00 00
00007470  18 00 00 00 00 00 00 00 4b 00 00 00 03 00 00 00
00007480  02 00 00 00 00 00 00 00 18 0a 00 00 00 00 00 00
00007490  18 0a 00 00 00 00 00 00 72 03 00 00 00 00 00 00
000074a0  00 00 00 00 00 00 00 00 01 00 00 00 00 00 00 00
000074b0  00 00 00 00 00 00 00 00 53 00 00 00 ff ff ff 6f
000074c0  02 00 00 00 00 00 00 00 8a 0d 00 00 00 00 00 00
000074d0  8a 0d 00 00 00 00 00 00 84 00 00 00 00 00 00 00
000074e0  05 00 00 00 00 00 00 00 02 00 00 00 00 00 00 00
000074f0  02 00 00 00 00 00 00 00 60 00 00 00 fe ff ff 6f
00007500  02 00 00 00 00 00 00 00 10 0e 00 00 00 00 00 00
00007510  10 0e 00 00 00 00 00 00 80 00 00 00 00 00 00 00
00007520  06 00 00 00 02 00 00 00 08 00 00 00 00 00 00 00
00007530  00 00 00 00 00 00 00 00 6f 00 00 00 04 00 00 00
00007540  02 00 00 00 00 00 00 00 90 0e 00 00 00 00 00 00
00007550  90 0e 00 00 00 00 00 00 d8 00 00 00 00 00 00 00
00007560  05 00 00 00 00 00 00 00 08 00 00 00 00 00 00 00
00007570  18 00 00 00 00 00 00 00 79 00 00 00 04 00 00 00
00007580  42 00 00 00 00 00 00 00 68 0f 00 00 00 00 00 00
00007590  68 0f 00 00 00 00 00 00 40 05 00 00 00 00 00 00
000075a0  05 00 00 00 18 00 00 00 08 00 00 00 00 00 00 00
000075b0  18 00 00 00 00 00 00 00 83 00 00 00 01 00 00 00
000075c0  06 00 00 00 00 00 00 00 00 20 00 00 00 00 00 00
000075d0  00 20 00 00 00 00 00 00 17 00 00 00 00 00 00 00
000075e0  00 00 00 00 00 00 00 00 04 00 00 00 00 00 00 00
000075f0  00 00 00 00 00 00 00 00 7e 00 00 00 01 00 00 00
00007600  06 00 00 00 00 00 00 00 20 20 00 00 00 00 00 00
00007610  20 20 00 00 00 00 00 00 90 03 00 00 00 00 00 00
00007620  00 00 00 00 00 00 00 00 10 00 00 00 00 00 00 00
00007630  10 00 00 00 00 00 00 00 89 00 00 00 01 00 00 00
00007640  06 00 00 00 00 00 00 00 b0 23 00 00 00 00 00 00
00007650  b0 23 00 00 00 00 00 00 08 00 00 00 00 00 00 00
00007660  00 00 00 00 00 00 00 00 08 00 00 00 00 00 00 00
00007670  08 00 00 00 00 00 00 00 92 00 00 00 01 00 00 00
00007680  06 00 00 00 00 00 00 00 c0 23 00 00 00 00 00 00
00007690  c0 23 00 00 00 00 00 00 62 2b 00 00 00 00 00 00
000076a0  00 00 00 00 00 00 00 00 10 00 00 00 00 00 00 00
000076b0  00 00 00 00 00 00 00 00 98 00 00 00 01 00 00 00
000076c0  06 00 00 00 00 00 00 00 24 4f 00 00 00 00 00 00
000076d0  24 4f 00 00 00 00 00 00 09 00 00 00 00 00 00 00
000076e0  00 00 00 00 00 00 00 00 04 00 00 00 00 00 00 00
000076f0  00 00 00 00 00 00 00 00 9e 00 00 00 01 00 00 00
00007700  02 00 00 00 00 00 00 00 00 50 00 00 00 00 00 00
00007710  00 50 00 00 00 00 00 00 90 12 00 00 00 00 00 00
00007720  00 00 00 00 00 00 00 00 20 00 00 00 00 00 00 00
00007730  00 00 00 00 00 00 00 00 a6 00 00 00 01 00 00 00
00007740  02 00 00 00 00 00 00 00 90 62 00 00 00 00 00 00
00007750  90 62 00 00 00 00 00 00 5c 00 00 00 00 00 00 00
00007760  00 00 00 00 00 00 00 00 04 00 00 00 00 00 00 00
00007770  00 00 00 00 00 00 00 00 b4 00 00 00 01 00 00 00
00007780  02 00 00 00 00 00 00 00 f0 62 00 00 00 00 00 00
00007790  f0 62 00 00 00 00 00 00 9c 02 00 00 00 00 00 00
000077a0  00 00 00 00 00 00 00 00 08 00 00 00 00 00 00 00
000077b0  00 00 00 00 00 00 00 00 be 00 00 00 07 00 00 00
000077c0  02 00 00 00 00 00 00 00 8c 65 00 00 00 00 00 00
000077d0  8c 65 00 00 00 00 00 00 20 00 00 00 00 00 00 00
000077e0  00 00 00 00 00 00 00 00 04 00 00 00 00 00 00 00
000077f0  00 00 00 00 00 00 00 00 cc 00 00 00 0e 00 00 00
00007800  03 00 00 00 00 00 00 00 a0 7d 00 00 00 00 00 00
00007810  a0 6d 00 00 00 00 00 00 08 00 00 00 00 00 00 00
00007820  00 00 00 00 00 00 00 00 08 00 00 00 00 00 00 00
00007830  08 00 00 00 00 00 00 00 d8 00 00 00 0f 00 00 00
00007840  03 00 00 00 00 00 00 00 a8 7d 00 00 00 00 00 00
00007850  a8 6d 00 00 00 00 00 00 08 00 00 00 00 00 00 00
00007860  00 00 00 00 00 00 00 00 08 00 00 00 00 00 00 00
00007870  08 00 00 00 00 00 00 00 e4 00 00 00 06 00 00 00
00007880  03 00 00 00 00 00 00 00 b0 7d 00 00 00 00 00 00
00007890  b0 6d 00 00 00 00 00 00 10 02 00 00 00 00 00 00
000078a0  06 00 00 00 00 00 00 00 08 00 00 00 00 00 00 00
000078b0  10 00 00 00 00 00 00 00 8d 00 00 00 01 00 00 00
000078c0  03 00 00 00 00 00 00 00 c0 7f 00 00 00 00 00 00
000078d0  c0 6f 00 00 00 00 00 00 28 00 00 00 00 00 00 00
000078e0  00 00 00 00 00 00 00 00 08 00 00 00 00 00 00 00
000078f0  08 00 00 00 00 00 00 00 ed 00 00 00 01 00 00 00
00007900  03 00 00 00 00 00 00 00 e8 7f 00 00 00 00 00 00
00007910  e8 6f 00 00 00 00 00 00 d8 01 00 00 00 00 00 00
00007920  00 00 00 00 00 00 00 00 08 00 00 00 00 00 00 00
00007930  08 00 00 00 00 00 00 00 f6 00 00 00 01 00 00 00
00007940  03 00 00 00 00 00 00 00 c0 81 00 00 00 00 00 00
00007950  c0 71 00 00 00 00 00 00 08 00 00 00 00 00 00 00
00007960  00 00 00 00 00 00 00 00 08 00 00 00 00 00 00 00
00007970  00 00 00 00 00 00 00 00 fc 00 00 00 08 00 00 00
00007980  03 00 00 00 00 00 00 00 e0 81 00 00 00 00 00 00
00007990  c8 71 00 00 00 00 00 00 90 00 00 00 00 00 00 00
000079a0  00 00 00 00 00 00 00 00 20 00 00 00 00 00 00 00
000079b0  00 00 00 00 00 00 00 00 01 01 00 00 01 00 00 00
000079c0  30 00 00 00 00 00 00 00 00 00 00 00 00 00 00 00
000079d0  c8 71 00 00 00 00 00 00 1f 00 00 00 00 00 00 00
000079e0  00 00 00 00 00 00 00 00 01 00 00 00 00 00 00 00
000079f0  01 00 00 00 00 00 00 00 01 00 00 00 03 00 00 00
00007a00  00 00 00 00 00 00 00 00 00 00 00 00 00 00 00 00
00007a10  e7 71 00 00 00 00 00 00 0a 01 00 00 00 00 00 00
00007a20  00 00 00 00 00 00 00 00 01 00 00 00 00 00 00 00
00007a30  00 00 00 00 00 00 00 00                        
